0,COCO_train2014_000000519404.jpg,person,0.333600771
1,COCO_train2014_000000181828.jpg,tv,0.925415448
2,COCO_train2014_000000380440.jpg,person,0.679821492
3,COCO_train2014_000000419645.jpg,truck,0.649583056
4,COCO_train2014_000000038850.jpg,person,0.502996296
5,COCO_train2014_000000478885.jpg,tv,0.82193888
6,COCO_train2014_000000393325.jpg,cow,0.470365498
7,COCO_train2014_000000289971.jpg,person,0.427381789
8,COCO_train2014_000000451588.jpg,elephant,0.479702761
9,COCO_train2014_000000278135.jpg,bird,0
10,COCO_train2014_000000399010.jpg,skis,0.209422584
11,COCO_train2014_000000267111.jpg,truck,0
12,COCO_train2014_000000323240.jpg,person,0.747520286
13,COCO_train2014_000000342963.jpg,person,0.37674315
14,COCO_train2014_000000360637.jpg,refrigerator,0.442047575
15,COCO_train2014_000000041700.jpg,person,0.460941297
16,COCO_train2014_000000191734.jpg,motorcycle,0.148872228
17,COCO_train2014_000000262869.jpg,snowboard,0.045412139
18,COCO_train2014_000000274266.jpg,person,0.916026575
19,COCO_train2014_000000402757.jpg,zebra,0.35112092
20,COCO_train2014_000000509971.jpg,person,0.519885988
21,COCO_train2014_000000327183.jpg,cake,0.259923459
22,COCO_train2014_000000417347.jpg,person,0.638335435
23,COCO_train2014_000000333634.jpg,person,0.432485552
24,COCO_train2014_000000309260.jpg,car,0.017884673
25,COCO_train2014_000000322558.jpg,suitcase,0.257224884
26,COCO_train2014_000000533220.jpg,potted plant,0
27,COCO_train2014_000000074060.jpg,giraffe,0.263839877
28,COCO_train2014_000000100316.jpg,cup,0.743953531
29,COCO_train2014_000000452783.jpg,teddy bear,0.503675615
30,COCO_train2014_000000495149.jpg,person,0.529062279
31,COCO_train2014_000000185558.jpg,person,0.067699838
32,COCO_train2014_000000122863.jpg,person,0.297480091
33,COCO_train2014_000000399841.jpg,cup,0
34,COCO_train2014_000000346997.jpg,person,0.230974789
35,COCO_train2014_000000566681.jpg,person,0.629874717
36,COCO_train2014_000000055767.jpg,horse,0.269802968
37,COCO_train2014_000000300197.jpg,person,0.327762557
38,COCO_train2014_000000549423.jpg,bird,0
39,COCO_train2014_000000287903.jpg,horse,0.488336941
40,COCO_train2014_000000410969.jpg,truck,0.34231636
41,COCO_train2014_000000127882.jpg,cup,0.802424487
42,COCO_train2014_000000275377.jpg,bench,0.510010794
43,COCO_train2014_000000066381.jpg,person,0.459963051
44,COCO_train2014_000000106222.jpg,person,0.602393354
45,COCO_train2014_000000482196.jpg,spoon,0.169771823
46,COCO_train2014_000000477392.jpg,horse,0.218959454
47,COCO_train2014_000000193452.jpg,bowl,0.284105237
48,COCO_train2014_000000523718.jpg,person,0.93709608
49,COCO_train2014_000000412566.jpg,person,0.439451599
50,COCO_train2014_000000296760.jpg,dog,0.087056297
51,COCO_train2014_000000255978.jpg,person,0.404617731
52,COCO_train2014_000000374391.jpg,teddy bear,0.696973155
53,COCO_train2014_000000276343.jpg,elephant,0
54,COCO_train2014_000000224508.jpg,horse,0.356054888
55,COCO_train2014_000000033633.jpg,sandwich,0.501573004
56,COCO_train2014_000000153394.jpg,person,0.263935122
57,COCO_train2014_000000190796.jpg,person,0.332708937
58,COCO_train2014_000000012756.jpg,zebra,0.400906095
59,COCO_train2014_000000378451.jpg,vase,0.653069733
60,COCO_train2014_000000444830.jpg,person,0.23896207
61,COCO_train2014_000000310277.jpg,keyboard,0.81739547
62,COCO_train2014_000000322707.jpg,umbrella,0.009195117
63,COCO_train2014_000000418770.jpg,cow,0.229928058
64,COCO_train2014_000000458057.jpg,dining table,0.444698311
65,COCO_train2014_000000210252.jpg,car,0.822778275
66,COCO_train2014_000000333151.jpg,person,0.280142628
67,COCO_train2014_000000466827.jpg,giraffe,0.05949389
68,COCO_train2014_000000543350.jpg,kite,0.417068968
69,COCO_train2014_000000364458.jpg,airplane,0.091439231
70,COCO_train2014_000000477272.jpg,airplane,0.134254514
71,COCO_train2014_000000119561.jpg,person,0.460774457
72,COCO_train2014_000000520434.jpg,person,0.162664244
73,COCO_train2014_000000180179.jpg,zebra,0.468742114
74,COCO_train2014_000000184664.jpg,fork,0.249542681
75,COCO_train2014_000000305105.jpg,couch,0.255442756
76,COCO_train2014_000000271396.jpg,person,0.141895186
77,COCO_train2014_000000207289.jpg,dog,0.313893929
78,COCO_train2014_000000580631.jpg,cake,0.126232964
79,COCO_train2014_000000487118.jpg,person,0.587961015
80,COCO_train2014_000000360283.jpg,person,0.38290885
81,COCO_train2014_000000072809.jpg,person,0.539617954
82,COCO_train2014_000000279883.jpg,laptop,0
83,COCO_train2014_000000574106.jpg,horse,0.020747048
84,COCO_train2014_000000567219.jpg,elephant,0.100371545
85,COCO_train2014_000000188623.jpg,person,0.546511099
86,COCO_train2014_000000418352.jpg,zebra,0.496015524
87,COCO_train2014_000000553428.jpg,car,0.366106013
88,COCO_train2014_000000298287.jpg,umbrella,0.876332559
89,COCO_train2014_000000263388.jpg,person,0.196167786
90,COCO_train2014_000000326511.jpg,giraffe,0
91,COCO_train2014_000000093531.jpg,dog,0.522290921
92,COCO_train2014_000000416948.jpg,cow,0.544671641
93,COCO_train2014_000000220471.jpg,sandwich,0.093307531
94,COCO_train2014_000000134520.jpg,person,0.436616011
95,COCO_train2014_000000276740.jpg,hot dog,0.38024514
96,COCO_train2014_000000533176.jpg,person,0.130139884
97,COCO_train2014_000000348924.jpg,broccoli,0.557033399
98,COCO_train2014_000000215612.jpg,person,0.61082898
99,COCO_train2014_000000238049.jpg,spoon,0
100,COCO_train2014_000000001507.jpg,dining table,0.984287422
101,COCO_train2014_000000332863.jpg,boat,0.18423386
102,COCO_train2014_000000263189.jpg,person,0.575460762
103,COCO_train2014_000000203188.jpg,dining table,0.172659605
104,COCO_train2014_000000560978.jpg,person,0.476619746
105,COCO_train2014_000000064750.jpg,surfboard,0.460331612
106,COCO_train2014_000000096586.jpg,giraffe,0.231000311
107,COCO_train2014_000000410256.jpg,bottle,0.925555342
108,COCO_train2014_000000089318.jpg,carrot,0
109,COCO_train2014_000000523007.jpg,tennis racket,0.715180754
110,COCO_train2014_000000271641.jpg,skis,0.777502027
111,COCO_train2014_000000568420.jpg,person,0.536671809
112,COCO_train2014_000000545953.jpg,car,0
114,COCO_train2014_000000185394.jpg,boat,0.599746139
115,COCO_train2014_000000555631.jpg,boat,0.121172183
116,COCO_train2014_000000194531.jpg,person,0.790445211
117,COCO_train2014_000000462067.jpg,person,0
118,COCO_train2014_000000029607.jpg,person,0.487206856
119,COCO_train2014_000000151848.jpg,dining table,0.378426541
120,COCO_train2014_000000030418.jpg,train,0.582907549
121,COCO_train2014_000000546232.jpg,teddy bear,0.86085488
122,COCO_train2014_000000045276.jpg,person,0.424976902
123,COCO_train2014_000000190556.jpg,bicycle,0.554112837
124,COCO_train2014_000000545116.jpg,person,0.281594906
125,COCO_train2014_000000157986.jpg,person,0.452218168
126,COCO_train2014_000000536932.jpg,person,0.260488358
131,COCO_train2014_000000030418.jpg,train,0.682303055
132,COCO_train2014_000000546232.jpg,teddy bear,0.171487505
133,COCO_train2014_000000045276.jpg,person,0.424976902
134,COCO_train2014_000000190556.jpg,bicycle,0.018558094
135,COCO_train2014_000000545116.jpg,person,0.281594906
136,COCO_train2014_000000157986.jpg,person,0.533308911
137,COCO_train2014_000000536932.jpg,person,0.27646555
138,COCO_train2014_000000364359.jpg,person,0.409893864
139,COCO_train2014_000000194161.jpg,giraffe,0.088838715
140,COCO_train2014_000000435433.jpg,dog,0.407884312
141,COCO_train2014_000000335244.jpg,bed,0.626800853
142,COCO_train2014_000000252283.jpg,motorcycle,0.017320511
143,COCO_train2014_000000089629.jpg,person,0.456658281
144,COCO_train2014_000000161814.jpg,surfboard,0.742307017
145,COCO_train2014_000000427586.jpg,broccoli,0.633612496
146,COCO_train2014_000000194456.jpg,person,0.92368156
147,COCO_train2014_000000218237.jpg,person,0.479365854
148,COCO_train2014_000000359868.jpg,bottle,0.885718307
149,COCO_train2014_000000388962.jpg,zebra,0.346969331
150,COCO_train2014_000000530823.jpg,person,0.051636621
151,COCO_train2014_000000360931.jpg,car,0
152,COCO_train2014_000000112639.jpg,chair,0.361027408
153,COCO_train2014_000000054254.jpg,person,0.287789455
154,COCO_train2014_000000321940.jpg,person,0.502758778
155,COCO_train2014_000000426201.jpg,motorcycle,0
156,COCO_train2014_000000419194.jpg,person,0.086359351
157,COCO_train2014_000000373639.jpg,cup,0.214415699
159,COCO_train2014_000000091998.jpg,person,0
160,COCO_train2014_000000158686.jpg,broccoli,0.702979449
161,COCO_train2014_000000557399.jpg,elephant,0.644692437
162,COCO_train2014_000000509702.jpg,teddy bear,0.228549039
163,COCO_train2014_000000473195.jpg,train,0.516896214
164,COCO_train2014_000000100579.jpg,bed,0.911832792
165,COCO_train2014_000000492376.jpg,umbrella,0.683573747
166,COCO_train2014_000000556279.jpg,person,0.483668666
167,COCO_train2014_000000502748.jpg,couch,0.176910011
168,COCO_train2014_000000486066.jpg,suitcase,0.411996822
169,COCO_train2014_000000470821.jpg,wine glass,0.149879463
170,COCO_train2014_000000004331.jpg,bicycle,0
171,COCO_train2014_000000150442.jpg,bowl,0.718211541
172,COCO_train2014_000000174892.jpg,bowl,0
173,COCO_train2014_000000226373.jpg,person,0
176,COCO_train2014_000000300704.jpg,airplane,0.445500547
177,COCO_train2014_000000071881.jpg,bus,0.598769376
178,COCO_train2014_000000561454.jpg,person,0.571065486
180,COCO_train2014_000000298998.jpg,vase,0.230258961
181,COCO_train2014_000000148639.jpg,person,0.748766168
182,COCO_train2014_000000265513.jpg,person,0.437124591
183,COCO_train2014_000000470128.jpg,cat,0.664938549
184,COCO_train2014_000000234957.jpg,horse,0.258858068
185,COCO_train2014_000000459524.jpg,bicycle,0.630951661
186,COCO_train2014_000000172937.jpg,person,0.689909218
187,COCO_train2014_000000481144.jpg,oven,0.254129555
188,COCO_train2014_000000297126.jpg,person,0.252292224
189,COCO_train2014_000000092835.jpg,laptop,0.115063595
190,COCO_train2014_000000564677.jpg,dining table,0.858180298
191,COCO_train2014_000000145631.jpg,person,0.974261118
192,COCO_train2014_000000136641.jpg,person,0.232864965
193,COCO_train2014_000000571683.jpg,carrot,0
194,COCO_train2014_000000021921.jpg,banana,0.980612947
195,COCO_train2014_000000010710.jpg,person,0.327847841
196,COCO_train2014_000000092760.jpg,person,0.478523945
197,COCO_train2014_000000066337.jpg,handbag,0.28078152
198,COCO_train2014_000000198195.jpg,orange,0.008434263
199,COCO_train2014_000000041959.jpg,person,0.071288111
200,COCO_train2014_000000289662.jpg,person,0.651264236
201,COCO_train2014_000000516791.jpg,cup,0
202,COCO_train2014_000000477005.jpg,person,0.444833574
203,COCO_train2014_000000144599.jpg,person,0.436036583
204,COCO_train2014_000000379607.jpg,dog,0.749014629
205,COCO_train2014_000000232351.jpg,person,0.37238351
206,COCO_train2014_000000313518.jpg,giraffe,0.316923223
207,COCO_train2014_000000082729.jpg,bowl,0.557643258
208,COCO_train2014_000000134447.jpg,person,0.728948216
209,COCO_train2014_000000160229.jpg,person,0.487619468
210,COCO_train2014_000000090146.jpg,zebra,0.082348733
211,COCO_train2014_000000286044.jpg,bowl,0.079178832
212,COCO_train2014_000000267762.jpg,truck,0.314334849
213,COCO_train2014_000000121867.jpg,person,0.682423157
214,COCO_train2014_000000285170.jpg,cup,0.092005179
215,COCO_train2014_000000337802.jpg,bench,0.408482679
216,COCO_train2014_000000245675.jpg,snowboard,0.286044012
217,COCO_train2014_000000048665.jpg,orange,0.221931752
218,COCO_train2014_000000511774.jpg,person,0.637307522
219,COCO_train2014_000000380900.jpg,person,0.519717857
220,COCO_train2014_000000511580.jpg,bowl,0.601502223
221,COCO_train2014_000000163903.jpg,person,0.169536432
222,COCO_train2014_000000020156.jpg,person,0.74296258
223,COCO_train2014_000000283624.jpg,dog,0
224,COCO_train2014_000000293061.jpg,broccoli,0.268560552
225,COCO_train2014_000000566175.jpg,person,0
226,COCO_train2014_000000441129.jpg,dining table,0
227,COCO_train2014_000000580306.jpg,person,0.821459205
228,COCO_train2014_000000185555.jpg,truck,0.265417118
229,COCO_train2014_000000081416.jpg,person,0.428463946
230,COCO_train2014_000000504069.jpg,umbrella,0.86145119
231,COCO_train2014_000000175798.jpg,person,0.464671367
232,COCO_train2014_000000246958.jpg,elephant,0.185741594
233,COCO_train2014_000000139696.jpg,person,0.11156343
234,COCO_train2014_000000017468.jpg,person,0.276366693
235,COCO_train2014_000000530047.jpg,keyboard,0.205763953
236,COCO_train2014_000000351850.jpg,person,0.208578923
237,COCO_train2014_000000001261.jpg,bowl,0.145648595
238,COCO_train2014_000000470937.jpg,person,0.563555903
239,COCO_train2014_000000297039.jpg,person,0.081337422
240,COCO_train2014_000000222397.jpg,book,0.264490143
241,COCO_train2014_000000550258.jpg,chair,0.103234639
242,COCO_train2014_000000436707.jpg,car,0.246222757
243,COCO_train2014_000000007621.jpg,cow,0.475806117
244,COCO_train2014_000000417230.jpg,person,0.400686466
245,COCO_train2014_000000374357.jpg,stop sign,0.671555991
246,COCO_train2014_000000103383.jpg,person,0.506674903
247,COCO_train2014_000000330652.jpg,person,0.876765232
248,COCO_train2014_000000092380.jpg,person,0.633580563
249,COCO_train2014_000000333819.jpg,dog,0.931766467
250,COCO_train2014_000000072728.jpg,airplane,0.791907433
251,COCO_train2014_000000186429.jpg,zebra,0.316825401
252,COCO_train2014_000000348801.jpg,person,0.517626463
253,COCO_train2014_000000250196.jpg,toilet,0.250854261
254,COCO_train2014_000000487238.jpg,person,0.086476525
255,COCO_train2014_000000156986.jpg,person,0.609366542
256,COCO_train2014_000000286519.jpg,laptop,0.165258172
257,COCO_train2014_000000190939.jpg,cup,0.587398883
258,COCO_train2014_000000385627.jpg,bowl,0.728023991
259,COCO_train2014_000000023004.jpg,horse,0.505739691
260,COCO_train2014_000000414045.jpg,tv,0.382081407
261,COCO_train2014_000000409628.jpg,umbrella,0.243919456
262,COCO_train2014_000000282339.jpg,person,0.96164657
263,COCO_train2014_000000083353.jpg,potted plant,0.02341563
264,COCO_train2014_000000117016.jpg,chair,0.718406261
265,COCO_train2014_000000262710.jpg,car,0.33461899
266,COCO_train2014_000000060593.jpg,person,0.229130451
267,COCO_train2014_000000230213.jpg,person,0.479682581
268,COCO_train2014_000000324315.jpg,person,0.061217878
269,COCO_train2014_000000173070.jpg,wine glass,0.191378403
270,COCO_train2014_000000381485.jpg,cell phone,0.877572806
271,COCO_train2014_000000377339.jpg,suitcase,0.444173822
272,COCO_train2014_000000020997.jpg,bed,0.317439964
273,COCO_train2014_000000372198.jpg,person,0.221674745
274,COCO_train2014_000000531277.jpg,dining table,0.300006761
275,COCO_train2014_000000294716.jpg,person,0.45975673
276,COCO_train2014_000000158556.jpg,bench,0.167192605
277,COCO_train2014_000000208723.jpg,person,0.444899523
278,COCO_train2014_000000501612.jpg,giraffe,0.187867502
279,COCO_train2014_000000057631.jpg,dog,0.272149596
280,COCO_train2014_000000070923.jpg,giraffe,0.352095178
281,COCO_train2014_000000108210.jpg,airplane,0.207338453
282,COCO_train2014_000000265292.jpg,sandwich,0.802095547
283,COCO_train2014_000000096765.jpg,person,0.346426478
284,COCO_train2014_000000517340.jpg,apple,0.069656634
285,COCO_train2014_000000298160.jpg,bus,0.174168306
286,COCO_train2014_000000339089.jpg,parking meter,0.745543576
287,COCO_train2014_000000145313.jpg,dining table,0.266315863
288,COCO_train2014_000000402671.jpg,person,0.220681093
289,COCO_train2014_000000551466.jpg,person,0.549592462
290,COCO_train2014_000000330901.jpg,tv,0.237166724
291,COCO_train2014_000000278240.jpg,dog,0.182850162
292,COCO_train2014_000000465058.jpg,person,0.48762232
293,COCO_train2014_000000567018.jpg,scissors,0.691361481
294,COCO_train2014_000000181017.jpg,person,0.287917302
295,COCO_train2014_000000544127.jpg,suitcase,0.858733832
296,COCO_train2014_000000483015.jpg,bed,0.106007544
297,COCO_train2014_000000161178.jpg,potted plant,0.754878324
298,COCO_train2014_000000458650.jpg,dining table,0.235894295
299,COCO_train2014_000000165868.jpg,couch,0.531498273
300,COCO_train2014_000000185177.jpg,car,0.223312098
301,COCO_train2014_000000350621.jpg,umbrella,0.646958566
302,COCO_train2014_000000327998.jpg,person,0.981541862
303,COCO_train2014_000000041713.jpg,giraffe,0.563151184
304,COCO_train2014_000000290549.jpg,book,0.893427541
305,COCO_train2014_000000285254.jpg,chair,0
306,COCO_train2014_000000485462.jpg,toothbrush,0.391547895
307,COCO_train2014_000000574605.jpg,person,0.294201913
308,COCO_train2014_000000321601.jpg,person,0.627848344
309,COCO_train2014_000000090137.jpg,toilet,0.390840628
310,COCO_train2014_000000423448.jpg,refrigerator,0.328148181
311,COCO_train2014_000000202747.jpg,motorcycle,0.219121384
312,COCO_train2014_000000396685.jpg,bowl,0.305323065
313,COCO_train2014_000000084202.jpg,chair,0.295503546
314,COCO_train2014_000000432754.jpg,person,0.888652611
315,COCO_train2014_000000398083.jpg,person,0.021448659
316,COCO_train2014_000000036221.jpg,bench,0.200499369
317,COCO_train2014_000000185991.jpg,suitcase,0.373102442
318,COCO_train2014_000000374946.jpg,zebra,0.159199886
319,COCO_train2014_000000532565.jpg,person,0.242316054
320,COCO_train2014_000000440066.jpg,person,0.562406167
321,COCO_train2014_000000085035.jpg,horse,0.346395377
322,COCO_train2014_000000163713.jpg,person,0.377162071
323,COCO_train2014_000000450305.jpg,orange,0.021511477
324,COCO_train2014_000000389150.jpg,person,0.324893714
325,COCO_train2014_000000276874.jpg,skis,0.835613285
326,COCO_train2014_000000340261.jpg,cup,0.136198982
327,COCO_train2014_000000234083.jpg,cup,0.432500998
328,COCO_train2014_000000464340.jpg,person,0.454078682
329,COCO_train2014_000000151731.jpg,horse,0.319184538
330,COCO_train2014_000000338427.jpg,zebra,0.028493638
331,COCO_train2014_000000132412.jpg,train,0
332,COCO_train2014_000000145264.jpg,airplane,0.925206568
333,COCO_train2014_000000572383.jpg,person,0.928680751
334,COCO_train2014_000000447363.jpg,pizza,0.280820297
335,COCO_train2014_000000221475.jpg,bus,0.67211164
336,COCO_train2014_000000436399.jpg,person,0.024944332
337,COCO_train2014_000000424193.jpg,horse,0.126002974
338,COCO_train2014_000000105921.jpg,person,0.263524939
339,COCO_train2014_000000202112.jpg,car,0.28682011
340,COCO_train2014_000000439988.jpg,couch,0.135124887
341,COCO_train2014_000000400729.jpg,person,0.25572428
342,COCO_train2014_000000011825.jpg,horse,0.808375316
343,COCO_train2014_000000364683.jpg,elephant,0.498535899
345,COCO_train2014_000000133634.jpg,person,0.454398876
346,COCO_train2014_000000065953.jpg,car,0.408262768
347,COCO_train2014_000000291348.jpg,zebra,0.667566534
349,COCO_train2014_000000167184.jpg,person,0.686999619
351,COCO_train2014_000000266165.jpg,bowl,0
352,COCO_train2014_000000109427.jpg,giraffe,0.133003022
353,COCO_train2014_000000562162.jpg,broccoli,0.197793633
354,COCO_train2014_000000007623.jpg,bench,0.078610561
355,COCO_train2014_000000441425.jpg,laptop,0.918092658
356,COCO_train2014_000000393675.jpg,person,0.588554132
357,COCO_train2014_000000242696.jpg,cat,0.351345758
358,COCO_train2014_000000349208.jpg,person,0.25106499
359,COCO_train2014_000000566495.jpg,horse,0.291766469
360,COCO_train2014_000000402689.jpg,person,0.180799311
361,COCO_train2014_000000559356.jpg,bowl,0.90723922
362,COCO_train2014_000000139068.jpg,person,0
363,COCO_train2014_000000231338.jpg,truck,0.429251647
364,COCO_train2014_000000487118.jpg,dining table,0
365,COCO_train2014_000000103510.jpg,bowl,0.937954209
366,COCO_train2014_000000559875.jpg,person,0.721009966
367,COCO_train2014_000000157160.jpg,person,0.542378312
368,COCO_train2014_000000083787.jpg,person,0.617587818
369,COCO_train2014_000000156125.jpg,person,0.884972226
370,COCO_train2014_000000503643.jpg,bird,0.109679525
375,COCO_train2014_000000007623.jpg,bench,0.078610561
376,COCO_train2014_000000441425.jpg,laptop,0.970287944
377,COCO_train2014_000000393675.jpg,person,0.588554132
378,COCO_train2014_000000242696.jpg,cat,0.446343998
379,COCO_train2014_000000349208.jpg,person,0.435017234
380,COCO_train2014_000000566495.jpg,horse,0.291766469
381,COCO_train2014_000000402689.jpg,person,0.170153679
382,COCO_train2014_000000559356.jpg,bowl,0.837475515
383,COCO_train2014_000000139068.jpg,person,0
384,COCO_train2014_000000231338.jpg,truck,0.303794432
385,COCO_train2014_000000487118.jpg,dining table,0
386,COCO_train2014_000000103510.jpg,bowl,0.875878194
387,COCO_train2014_000000559875.jpg,person,0.813361994
388,COCO_train2014_000000157160.jpg,person,0.359225445
389,COCO_train2014_000000083787.jpg,person,0.617587818
390,COCO_train2014_000000156125.jpg,person,0.884972226
391,COCO_train2014_000000503643.jpg,bird,0
392,COCO_train2014_000000337339.jpg,person,0.224513825
393,COCO_train2014_000000486066.jpg,backpack,0.139984743
394,COCO_train2014_000000472749.jpg,person,0.380611725
395,COCO_train2014_000000541496.jpg,couch,0.899775496
400,COCO_train2014_000000244300.jpg,cow,0.472380883
401,COCO_train2014_000000465269.jpg,person,0.649762408
402,COCO_train2014_000000047016.jpg,person,0.360663999
403,COCO_train2014_000000229666.jpg,chair,0.328772885
404,COCO_train2014_000000377007.jpg,tv,0.536898559
405,COCO_train2014_000000346310.jpg,zebra,0.401211369
406,COCO_train2014_000000511522.jpg,person,0.313526612
407,COCO_train2014_000000055922.jpg,person,0.375672899
408,COCO_train2014_000000028038.jpg,couch,0.439041155
409,COCO_train2014_000000368738.jpg,handbag,0.933758204
410,COCO_train2014_000000538537.jpg,person,0.746758942
411,COCO_train2014_000000428050.jpg,person,0.932393244
412,COCO_train2014_000000185591.jpg,person,0.938062973
413,COCO_train2014_000000027074.jpg,person,0.526310734
415,COCO_train2014_000000121557.jpg,person,0.145305034
416,COCO_train2014_000000196711.jpg,person,0.681848295
417,COCO_train2014_000000491477.jpg,pizza,0.959963988
418,COCO_train2014_000000488073.jpg,person,0.311211566
419,COCO_train2014_000000388245.jpg,bowl,0.440721746
420,COCO_train2014_000000283530.jpg,truck,0.225143265
421,COCO_train2014_000000335758.jpg,person,0.188799862
422,COCO_train2014_000000524320.jpg,person,0.88689556
423,COCO_train2014_000000578375.jpg,bench,0
424,COCO_train2014_000000114519.jpg,tv,0
425,COCO_train2014_000000263212.jpg,dining table,0.181578011
426,COCO_train2014_000000057697.jpg,person,0.0880157
427,COCO_train2014_000000518305.jpg,airplane,0.596861383
428,COCO_train2014_000000246528.jpg,bench,0.350553696
429,COCO_train2014_000000260942.jpg,elephant,0.870574963
430,COCO_train2014_000000575756.jpg,skateboard,0.754227068
431,COCO_train2014_000000315691.jpg,person,0.369088781
432,COCO_train2014_000000551244.jpg,cup,0
433,COCO_train2014_000000133517.jpg,pizza,0.420813382
434,COCO_train2014_000000382971.jpg,pizza,0.446266506
435,COCO_train2014_000000558401.jpg,laptop,0.268722695
436,COCO_train2014_000000375027.jpg,carrot,0
437,COCO_train2014_000000562712.jpg,umbrella,0.206567821
438,COCO_train2014_000000550308.jpg,sandwich,0.335850109
439,COCO_train2014_000000196346.jpg,person,0.286298365
440,COCO_train2014_000000454174.jpg,car,0.537871269
441,COCO_train2014_000000468796.jpg,car,0.416394781
442,COCO_train2014_000000529661.jpg,laptop,0.575926928
443,COCO_train2014_000000225087.jpg,car,0.483047923
444,COCO_train2014_000000239263.jpg,car,0.004887169
445,COCO_train2014_000000518392.jpg,cup,0.199827151
446,COCO_train2014_000000514839.jpg,motorcycle,0.395759112
447,COCO_train2014_000000457190.jpg,person,0.573956291
448,COCO_train2014_000000153142.jpg,surfboard,0
449,COCO_train2014_000000049123.jpg,person,0.821513517
450,COCO_train2014_000000384037.jpg,person,0.193392097
451,COCO_train2014_000000525285.jpg,bicycle,0.264810544
452,COCO_train2014_000000227891.jpg,keyboard,0.39510056
453,COCO_train2014_000000282009.jpg,bird,0.176804354
454,COCO_train2014_000000415933.jpg,sandwich,0.285110739
455,COCO_train2014_000000080480.jpg,person,0.1244371
456,COCO_train2014_000000087465.jpg,person,0
457,COCO_train2014_000000445405.jpg,person,0.464514263
458,COCO_train2014_000000389542.jpg,horse,0.926965078
459,COCO_train2014_000000178682.jpg,person,0.544721658
460,COCO_train2014_000000293246.jpg,bus,0.403749259
461,COCO_train2014_000000174012.jpg,laptop,0.346177051
462,COCO_train2014_000000466890.jpg,person,0.394445471
463,COCO_train2014_000000399162.jpg,vase,0
464,COCO_train2014_000000515401.jpg,suitcase,0
465,COCO_train2014_000000453195.jpg,person,0.721821524
466,COCO_train2014_000000475158.jpg,person,0.71380656
467,COCO_train2014_000000573611.jpg,person,0.121494434
468,COCO_train2014_000000512295.jpg,person,0.378679011
469,COCO_train2014_000000290370.jpg,person,0.175234774
470,COCO_train2014_000000567224.jpg,person,0.130289946
471,COCO_train2014_000000062455.jpg,person,0.787580196
472,COCO_train2014_000000555355.jpg,truck,0.535355426
473,COCO_train2014_000000017883.jpg,person,0.502275683
474,COCO_train2014_000000209603.jpg,person,0.359324797
475,COCO_train2014_000000016015.jpg,dining table,0.609197661
476,COCO_train2014_000000310317.jpg,person,0.281055688
477,COCO_train2014_000000376819.jpg,chair,0.228562552
478,COCO_train2014_000000012902.jpg,orange,0.758097427
479,COCO_train2014_000000050961.jpg,oven,0.739878945
480,COCO_train2014_000000176403.jpg,umbrella,0.361321724
481,COCO_train2014_000000055445.jpg,book,0.802988741
482,COCO_train2014_000000096016.jpg,sheep,0.186775199
483,COCO_train2014_000000071714.jpg,car,0.285342453
484,COCO_train2014_000000441325.jpg,person,0
485,COCO_train2014_000000163565.jpg,person,0.326044426
486,COCO_train2014_000000242405.jpg,airplane,0.364015574
487,COCO_train2014_000000430175.jpg,person,0.783101638
488,COCO_train2014_000000574076.jpg,person,0
489,COCO_train2014_000000261759.jpg,oven,0.806403555
490,COCO_train2014_000000173185.jpg,oven,0.965818041
491,COCO_train2014_000000200060.jpg,horse,0.137436714
492,COCO_train2014_000000088653.jpg,person,0.475372156
493,COCO_train2014_000000000605.jpg,cup,0.458580529
494,COCO_train2014_000000345844.jpg,laptop,0.339093318
495,COCO_train2014_000000191511.jpg,person,0.520028264
500,COCO_train2014_000000261759.jpg,oven,0.275479593
501,COCO_train2014_000000173185.jpg,oven,0.837313921
502,COCO_train2014_000000200060.jpg,horse,0.214020467
503,COCO_train2014_000000088653.jpg,person,0.335200692
504,COCO_train2014_000000000605.jpg,cup,0.451384425
505,COCO_train2014_000000345844.jpg,laptop,0.339093318
506,COCO_train2014_000000191511.jpg,person,0.293285629
507,COCO_train2014_000000297116.jpg,person,0.250251967
508,COCO_train2014_000000318528.jpg,potted plant,0.430561882
509,COCO_train2014_000000465163.jpg,oven,0.408443289
510,COCO_train2014_000000535355.jpg,pizza,0.825902946
511,COCO_train2014_000000477943.jpg,person,0.283547699
512,COCO_train2014_000000517534.jpg,elephant,0.424409378
513,COCO_train2014_000000556542.jpg,person,0.309021023
514,COCO_train2014_000000489415.jpg,suitcase,0.914114103
515,COCO_train2014_000000574562.jpg,car,0.123101162
517,COCO_train2014_000000114142.jpg,bottle,0
518,COCO_train2014_000000462477.jpg,person,0.220562247
519,COCO_train2014_000000217991.jpg,person,0.207601002
520,COCO_train2014_000000265236.jpg,person,0.414742638
521,COCO_train2014_000000027510.jpg,person,0.238846571
522,COCO_train2014_000000530684.jpg,bowl,0.186115525
523,COCO_train2014_000000116064.jpg,couch,0.404425167
524,COCO_train2014_000000382653.jpg,keyboard,0.930479728
525,COCO_train2014_000000574114.jpg,airplane,0.670917772
526,COCO_train2014_000000434602.jpg,bear,0.199078317
527,COCO_train2014_000000562063.jpg,umbrella,0.388646333
528,COCO_train2014_000000283382.jpg,chair,0.188021398
529,COCO_train2014_000000466845.jpg,person,0.363284372
530,COCO_train2014_000000291767.jpg,person,0.49978648
531,COCO_train2014_000000253430.jpg,person,0.756532453
532,COCO_train2014_000000179904.jpg,person,0
533,COCO_train2014_000000095224.jpg,person,0.605013606
534,COCO_train2014_000000116831.jpg,person,0.218582919
535,COCO_train2014_000000004702.jpg,person,0.263124745
536,COCO_train2014_000000331216.jpg,carrot,0.159935788
537,COCO_train2014_000000024849.jpg,oven,0.59240815
538,COCO_train2014_000000572737.jpg,cow,0.956119679
539,COCO_train2014_000000329502.jpg,person,0.484652836
540,COCO_train2014_000000025105.jpg,airplane,0.388933208
541,COCO_train2014_000000520519.jpg,person,0.961848543
542,COCO_train2014_000000015117.jpg,person,0.361347744
543,COCO_train2014_000000461224.jpg,boat,0
544,COCO_train2014_000000548251.jpg,car,0.063357357
545,COCO_train2014_000000257090.jpg,person,0.647171526
546,COCO_train2014_000000256061.jpg,elephant,0.384193939
547,COCO_train2014_000000179519.jpg,vase,0.354344864
548,COCO_train2014_000000481185.jpg,fork,0.698795275
549,COCO_train2014_000000440614.jpg,sandwich,0
550,COCO_train2014_000000108850.jpg,horse,0
551,COCO_train2014_000000009127.jpg,vase,0.435225293
552,COCO_train2014_000000501995.jpg,person,0
553,COCO_train2014_000000016494.jpg,banana,0.21606016
554,COCO_train2014_000000235316.jpg,person,0.314038834
555,COCO_train2014_000000154680.jpg,cup,0.795493109
556,COCO_train2014_000000396287.jpg,truck,0.221679651
557,COCO_train2014_000000477491.jpg,motorcycle,0.354120694
559,COCO_train2014_000000450317.jpg,person,0.867065386
560,COCO_train2014_000000184513.jpg,traffic light,0.540513676
561,COCO_train2014_000000215718.jpg,zebra,0.36780368
562,COCO_train2014_000000100959.jpg,bottle,0.543923899
563,COCO_train2014_000000479358.jpg,handbag,0.635252678
564,COCO_train2014_000000108266.jpg,car,0.110525133
565,COCO_train2014_000000273427.jpg,potted plant,0.065576277
566,COCO_train2014_000000427920.jpg,umbrella,0.310080667
567,COCO_train2014_000000279093.jpg,person,0.465565461
568,COCO_train2014_000000194248.jpg,vase,0.509423526
569,COCO_train2014_000000295864.jpg,laptop,0.391160371
570,COCO_train2014_000000089902.jpg,suitcase,0.068254854
571,COCO_train2014_000000188922.jpg,elephant,0.673240429
572,COCO_train2014_000000037682.jpg,surfboard,0.468278096
573,COCO_train2014_000000461250.jpg,person,0
574,COCO_train2014_000000285891.jpg,dining table,0
575,COCO_train2014_000000490619.jpg,sheep,0.34783976
576,COCO_train2014_000000171768.jpg,giraffe,0.286497385
577,COCO_train2014_000000492659.jpg,giraffe,0.233911484
578,COCO_train2014_000000564050.jpg,carrot,0.197185695
579,COCO_train2014_000000476553.jpg,person,0.354946989
580,COCO_train2014_000000212672.jpg,person,0.799653109
581,COCO_train2014_000000565755.jpg,bird,0.762941345
582,COCO_train2014_000000132529.jpg,person,0.396146062
583,COCO_train2014_000000450314.jpg,bench,0.491086854
584,COCO_train2014_000000176810.jpg,car,0.477253715
585,COCO_train2014_000000096808.jpg,bed,0.667518756
586,COCO_train2014_000000220115.jpg,tennis racket,0
587,COCO_train2014_000000432683.jpg,person,0.149629792
588,COCO_train2014_000000303471.jpg,person,0.109758303
589,COCO_train2014_000000290034.jpg,boat,0.884895778
590,COCO_train2014_000000256760.jpg,traffic light,0.518793422
591,COCO_train2014_000000135683.jpg,bench,0.689510969
592,COCO_train2014_000000278744.jpg,potted plant,0
593,COCO_train2014_000000256539.jpg,person,0.515225419
594,COCO_train2014_000000077014.jpg,elephant,0.317623672
595,COCO_train2014_000000257858.jpg,chair,0.464134585
596,COCO_train2014_000000385882.jpg,person,0.368428807
597,COCO_train2014_000000200351.jpg,zebra,0.403648611
598,COCO_train2014_000000287760.jpg,surfboard,0.394201085
599,COCO_train2014_000000569255.jpg,chair,0.188597332
600,COCO_train2014_000000314055.jpg,cake,0.150472765
601,COCO_train2014_000000122355.jpg,person,0.792826131
602,COCO_train2014_000000492715.jpg,scissors,0.170607005
603,COCO_train2014_000000108321.jpg,truck,0.458806311
604,COCO_train2014_000000112226.jpg,umbrella,0.20180375
605,COCO_train2014_000000208779.jpg,person,0.591049111
606,COCO_train2014_000000089921.jpg,person,0.642897222
607,COCO_train2014_000000096745.jpg,horse,0.238951124
608,COCO_train2014_000000453231.jpg,horse,0.36691316
609,COCO_train2014_000000412824.jpg,bus,0.332045444
610,COCO_train2014_000000262552.jpg,cup,0.30711175
611,COCO_train2014_000000110381.jpg,oven,0.50482205
612,COCO_train2014_000000484371.jpg,person,0.501323087
613,COCO_train2014_000000475744.jpg,broccoli,0.357690748
614,COCO_train2014_000000543470.jpg,oven,0
615,COCO_train2014_000000339677.jpg,person,0.309414504
616,COCO_train2014_000000244615.jpg,pizza,0.952060317
617,COCO_train2014_000000517382.jpg,chair,0.292857459
618,COCO_train2014_000000193781.jpg,snowboard,0.366893576
619,COCO_train2014_000000446506.jpg,chair,0
620,COCO_train2014_000000372319.jpg,bench,0.637268991
621,COCO_train2014_000000047290.jpg,pizza,0.065986146
622,COCO_train2014_000000499051.jpg,person,0.458635299
623,COCO_train2014_000000515274.jpg,person,0.49855382
624,COCO_train2014_000000190469.jpg,person,0.703649883
625,COCO_train2014_000000331324.jpg,person,0
626,COCO_train2014_000000546124.jpg,couch,0.494309056
627,COCO_train2014_000000004208.jpg,elephant,0.375031299
628,COCO_train2014_000000140460.jpg,bus,0.696471812
629,COCO_train2014_000000028690.jpg,zebra,0.626168805
630,COCO_train2014_000000160009.jpg,car,0.756131107
631,COCO_train2014_000000421108.jpg,dining table,0.575292289
632,COCO_train2014_000000014683.jpg,horse,0
633,COCO_train2014_000000307603.jpg,person,0
634,COCO_train2014_000000525380.jpg,airplane,0.03745854
635,COCO_train2014_000000464585.jpg,person,0.604764885
636,COCO_train2014_000000308327.jpg,cat,0.179835691
637,COCO_train2014_000000258289.jpg,sheep,0.2185323
638,COCO_train2014_000000564676.jpg,person,0.274907549
639,COCO_train2014_000000092198.jpg,refrigerator,0.343917258
640,COCO_train2014_000000009960.jpg,person,0.43793068
641,COCO_train2014_000000155519.jpg,person,0.856302471
642,COCO_train2014_000000556162.jpg,teddy bear,0.268373982
643,COCO_train2014_000000484790.jpg,person,0.506009507
644,COCO_train2014_000000283673.jpg,person,0.308923247
645,COCO_train2014_000000319682.jpg,horse,0.061968733
646,COCO_train2014_000000526098.jpg,person,0.533080204
647,COCO_train2014_000000080892.jpg,bowl,0.265576828
648,COCO_train2014_000000216301.jpg,train,0.409226995
649,COCO_train2014_000000342707.jpg,chair,0.558604281
650,COCO_train2014_000000099597.jpg,horse,0
651,COCO_train2014_000000334285.jpg,bowl,0.136925545
652,COCO_train2014_000000272444.jpg,person,0
653,COCO_train2014_000000087618.jpg,umbrella,0.285563703
654,COCO_train2014_000000355159.jpg,person,0.898678877
655,COCO_train2014_000000347638.jpg,surfboard,0.054995853
656,COCO_train2014_000000352241.jpg,chair,0.422626391
657,COCO_train2014_000000035670.jpg,person,0.293064814
658,COCO_train2014_000000302076.jpg,chair,0.246451836
659,COCO_train2014_000000239591.jpg,person,0.372732625
660,COCO_train2014_000000245675.jpg,person,0.146236551
661,COCO_train2014_000000217495.jpg,person,0.167968843
662,COCO_train2014_000000172121.jpg,pizza,0.340167997
663,COCO_train2014_000000530406.jpg,zebra,0
664,COCO_train2014_000000029592.jpg,person,0.432092098
665,COCO_train2014_000000290652.jpg,person,0.755053197
666,COCO_train2014_000000190942.jpg,person,0.512161724
667,COCO_train2014_000000219591.jpg,handbag,0
668,COCO_train2014_000000432917.jpg,person,0.786242854
669,COCO_train2014_000000080948.jpg,fork,0.059290783
670,COCO_train2014_000000298931.jpg,person,0.75479946
671,COCO_train2014_000000016814.jpg,person,0.462699021
672,COCO_train2014_000000545689.jpg,elephant,0
673,COCO_train2014_000000474319.jpg,person,0.345692588
674,COCO_train2014_000000463270.jpg,bus,0.148018837
675,COCO_train2014_000000330174.jpg,dining table,0.308459843
676,COCO_train2014_000000439325.jpg,person,0.168891605
677,COCO_train2014_000000082225.jpg,person,0.292861135
678,COCO_train2014_000000533022.jpg,person,0.371526713
679,COCO_train2014_000000027486.jpg,person,0.428915639
680,COCO_train2014_000000028099.jpg,bicycle,0.147296532
681,COCO_train2014_000000013856.jpg,person,0.93517515
682,COCO_train2014_000000089631.jpg,cat,0.993896466
683,COCO_train2014_000000131330.jpg,potted plant,0.109181627
684,COCO_train2014_000000009018.jpg,truck,0.381754814
685,COCO_train2014_000000538196.jpg,tv,0.297043152
686,COCO_train2014_000000111889.jpg,person,0.285293079
687,COCO_train2014_000000021786.jpg,person,0.343099852
688,COCO_train2014_000000329993.jpg,bird,0.145138664
689,COCO_train2014_000000269605.jpg,person,0.382073394
690,COCO_train2014_000000043163.jpg,person,0.251897437
691,COCO_train2014_000000487766.jpg,cake,0.181988926
692,COCO_train2014_000000417350.jpg,person,0.313138713
693,COCO_train2014_000000268123.jpg,car,0.676873565
694,COCO_train2014_000000299190.jpg,cup,0.635067408
695,COCO_train2014_000000354725.jpg,bird,0.073481057
696,COCO_train2014_000000548184.jpg,potted plant,0.712412972
697,COCO_train2014_000000296894.jpg,person,0.042921807
698,COCO_train2014_000000332039.jpg,banana,0.991931541
699,COCO_train2014_000000312887.jpg,pizza,0
700,COCO_train2014_000000056604.jpg,person,0.40166361
701,COCO_train2014_000000189159.jpg,bird,0.131079946
702,COCO_train2014_000000227127.jpg,person,0.967511451
703,COCO_train2014_000000229301.jpg,truck,0.468822241
704,COCO_train2014_000000040737.jpg,person,0.418737497
705,COCO_train2014_000000533599.jpg,horse,0.144066768
706,COCO_train2014_000000190914.jpg,person,0.479934231
707,COCO_train2014_000000359968.jpg,bowl,0.300856089
708,COCO_train2014_000000426877.jpg,person,0.50690679
709,COCO_train2014_000000254032.jpg,donut,0.468697564
710,COCO_train2014_000000530888.jpg,zebra,0.910222661
711,COCO_train2014_000000031673.jpg,car,0.02707226
712,COCO_train2014_000000176763.jpg,boat,0.052372529
713,COCO_train2014_000000373348.jpg,chair,0.180538292
714,COCO_train2014_000000062664.jpg,horse,0.319365796
715,COCO_train2014_000000388469.jpg,toothbrush,0.721186182
716,COCO_train2014_000000004904.jpg,potted plant,0.769669352
717,COCO_train2014_000000460722.jpg,couch,0.692202248
718,COCO_train2014_000000039185.jpg,pizza,0.088834501
719,COCO_train2014_000000323149.jpg,bicycle,0.676601538
720,COCO_train2014_000000492671.jpg,zebra,0.231716188
721,COCO_train2014_000000372959.jpg,zebra,0
722,COCO_train2014_000000246411.jpg,sandwich,0.32034451
723,COCO_train2014_000000276265.jpg,person,0.401967502
724,COCO_train2014_000000258931.jpg,person,0.488685607
725,COCO_train2014_000000461429.jpg,person,0
726,COCO_train2014_000000525953.jpg,giraffe,0.866277563
727,COCO_train2014_000000260206.jpg,vase,0.749161775
728,COCO_train2014_000000050031.jpg,dining table,0.298867265
729,COCO_train2014_000000255399.jpg,person,0.417022674
730,COCO_train2014_000000488129.jpg,person,0.613112744
731,COCO_train2014_000000075924.jpg,person,0.672426473
732,COCO_train2014_000000115970.jpg,book,0.913741169
733,COCO_train2014_000000093838.jpg,person,0.821266703
734,COCO_train2014_000000396380.jpg,person,0.201257003
735,COCO_train2014_000000362785.jpg,giraffe,0.089968351
736,COCO_train2014_000000264647.jpg,person,0.506339201
737,COCO_train2014_000000188965.jpg,person,0.747726907
738,COCO_train2014_000000276015.jpg,giraffe,0
739,COCO_train2014_000000095308.jpg,person,0.396314326
740,COCO_train2014_000000237617.jpg,couch,0
741,COCO_train2014_000000231878.jpg,umbrella,0.356273008
742,COCO_train2014_000000436306.jpg,banana,0.505104051
743,COCO_train2014_000000383553.jpg,person,0.88193309
744,COCO_train2014_000000503949.jpg,zebra,0
745,COCO_train2014_000000350069.jpg,broccoli,0.605890983
746,COCO_train2014_000000299771.jpg,vase,0
747,COCO_train2014_000000237367.jpg,person,0.604347493
752,COCO_train2014_000000396380.jpg,person,0.161973476
753,COCO_train2014_000000362785.jpg,giraffe,0.315498128
754,COCO_train2014_000000264647.jpg,person,0.513372921
755,COCO_train2014_000000188965.jpg,person,0.759868005
756,COCO_train2014_000000276015.jpg,giraffe,0
757,COCO_train2014_000000095308.jpg,person,0.65835118
758,COCO_train2014_000000237617.jpg,couch,0
759,COCO_train2014_000000231878.jpg,umbrella,0.356273008
760,COCO_train2014_000000436306.jpg,banana,0.662566095
761,COCO_train2014_000000383553.jpg,person,0.682380319
762,COCO_train2014_000000503949.jpg,zebra,0
763,COCO_train2014_000000350069.jpg,broccoli,0.532613628
764,COCO_train2014_000000299771.jpg,vase,0
765,COCO_train2014_000000237367.jpg,person,0.238725879
766,COCO_train2014_000000330295.jpg,person,0.197605745
767,COCO_train2014_000000529624.jpg,person,0.340481348
768,COCO_train2014_000000213529.jpg,skateboard,0.201922415
769,COCO_train2014_000000282220.jpg,truck,0.389468899
770,COCO_train2014_000000361373.jpg,person,0.20264599
771,COCO_train2014_000000022857.jpg,person,0
772,COCO_train2014_000000396670.jpg,person,0.309423918
773,COCO_train2014_000000415499.jpg,bowl,0.88231527
774,COCO_train2014_000000168121.jpg,skis,0.624962631
775,COCO_train2014_000000191005.jpg,giraffe,0.276582319
776,COCO_train2014_000000364336.jpg,person,0.635273055
777,COCO_train2014_000000115816.jpg,umbrella,0.314532013
778,COCO_train2014_000000568731.jpg,sandwich,0.880945808
779,COCO_train2014_000000566598.jpg,zebra,0.355074121
780,COCO_train2014_000000380455.jpg,person,0.249468982
781,COCO_train2014_000000514340.jpg,person,0.381260623
782,COCO_train2014_000000493947.jpg,bowl,0.608861013
783,COCO_train2014_000000173527.jpg,bed,0.731938837
784,COCO_train2014_000000170990.jpg,vase,0
785,COCO_train2014_000000323336.jpg,sandwich,0.397000812
786,COCO_train2014_000000150704.jpg,elephant,0.078902126
787,COCO_train2014_000000492321.jpg,pizza,0
788,COCO_train2014_000000349905.jpg,person,0.628614728
789,COCO_train2014_000000288127.jpg,dog,0.936898986
790,COCO_train2014_000000315466.jpg,person,0.214757874
791,COCO_train2014_000000367125.jpg,person,0.315865774
792,COCO_train2014_000000158378.jpg,dining table,0.812630208
793,COCO_train2014_000000499202.jpg,person,0.137063865
794,COCO_train2014_000000572998.jpg,person,0.251966056
795,COCO_train2014_000000324537.jpg,car,0.247628324
796,COCO_train2014_000000353400.jpg,airplane,0.372678068
797,COCO_train2014_000000526735.jpg,bowl,0.266094929
798,COCO_train2014_000000084259.jpg,bowl,0.557382731
799,COCO_train2014_000000291475.jpg,person,0.608943936
800,COCO_train2014_000000045276.jpg,person,0.742914535
801,COCO_train2014_000000369735.jpg,sandwich,0.211579942
803,COCO_train2014_000000305638.jpg,airplane,0.248394645
804,COCO_train2014_000000502726.jpg,couch,0.647235592
805,COCO_train2014_000000519685.jpg,couch,0
806,COCO_train2014_000000026356.jpg,sheep,0.525239925
807,COCO_train2014_000000560123.jpg,car,0.261583074
808,COCO_train2014_000000038487.jpg,horse,0.670583731
809,COCO_train2014_000000497167.jpg,suitcase,0.223247991
810,COCO_train2014_000000268897.jpg,giraffe,0.150396032
811,COCO_train2014_000000298956.jpg,giraffe,0.767587063
812,COCO_train2014_000000550410.jpg,frisbee,0.151143097
813,COCO_train2014_000000022411.jpg,dining table,0.105823736
814,COCO_train2014_000000210683.jpg,couch,0.480277874
815,COCO_train2014_000000156425.jpg,person,0.085506809
816,COCO_train2014_000000211570.jpg,donut,0.216186156
817,COCO_train2014_000000227540.jpg,tv,0.710979581
818,COCO_train2014_000000047492.jpg,suitcase,0.118587499
819,COCO_train2014_000000037433.jpg,couch,0
820,COCO_train2014_000000441488.jpg,bicycle,0.794739351
821,COCO_train2014_000000476397.jpg,dining table,0.551872483
822,COCO_train2014_000000045284.jpg,person,0.180289961
823,COCO_train2014_000000442657.jpg,bed,0.015361734
824,COCO_train2014_000000425550.jpg,knife,0.430459763
825,COCO_train2014_000000430563.jpg,cat,0.459505974
826,COCO_train2014_000000510976.jpg,cell phone,0.286918671
827,COCO_train2014_000000304748.jpg,car,0.53446442
828,COCO_train2014_000000510027.jpg,bowl,0
829,COCO_train2014_000000216378.jpg,motorcycle,0.43183464
830,COCO_train2014_000000485856.jpg,couch,0
831,COCO_train2014_000000218237.jpg,person,0.249531765
836,COCO_train2014_000000485856.jpg,couch,0
837,COCO_train2014_000000218237.jpg,person,0.275421109
838,COCO_train2014_000000191042.jpg,train,0.304420458
839,COCO_train2014_000000394590.jpg,person,0.082158709
840,COCO_train2014_000000552291.jpg,dining table,0.902376576
841,COCO_train2014_000000036903.jpg,person,0.268416948
842,COCO_train2014_000000431997.jpg,backpack,0.365166903
843,COCO_train2014_000000251503.jpg,pizza,0.267190804
844,COCO_train2014_000000259192.jpg,person,0.364346395
845,COCO_train2014_000000425398.jpg,sheep,0.608557855
846,COCO_train2014_000000298998.jpg,vase,0.443355188
847,COCO_train2014_000000010495.jpg,elephant,0.36438432
848,COCO_train2014_000000411171.jpg,person,0.276925626
849,COCO_train2014_000000003478.jpg,umbrella,0.298215912
851,COCO_train2014_000000353716.jpg,potted plant,0.560918254
852,COCO_train2014_000000023025.jpg,person,0.46018766
853,COCO_train2014_000000174522.jpg,person,0.419446407
854,COCO_train2014_000000095267.jpg,car,0.935435987
855,COCO_train2014_000000111842.jpg,person,0.514407793
856,COCO_train2014_000000035961.jpg,elephant,0.234182059
857,COCO_train2014_000000472169.jpg,fire hydrant,0.436945428
858,COCO_train2014_000000497296.jpg,person,0.572494037
859,COCO_train2014_000000503014.jpg,wine glass,0.221022461
860,COCO_train2014_000000292833.jpg,car,0.058323594
861,COCO_train2014_000000527257.jpg,person,0.337812939
862,COCO_train2014_000000317537.jpg,couch,0.598561744
863,COCO_train2014_000000466294.jpg,traffic light,0.407369967
864,COCO_train2014_000000041959.jpg,person,0.397237863
865,COCO_train2014_000000312205.jpg,zebra,0.161115781
866,COCO_train2014_000000486262.jpg,person,0.760991041
867,COCO_train2014_000000461326.jpg,zebra,0.049235672
868,COCO_train2014_000000423310.jpg,person,0.436743663
869,COCO_train2014_000000470128.jpg,cat,0.286372015
870,COCO_train2014_000000294138.jpg,elephant,0
871,COCO_train2014_000000029579.jpg,couch,0.391246649
872,COCO_train2014_000000003812.jpg,scissors,0.634539887
873,COCO_train2014_000000519404.jpg,person,0.341066046
874,COCO_train2014_000000445528.jpg,giraffe,0.596455607
875,COCO_train2014_000000371201.jpg,person,0.436993863
876,COCO_train2014_000000436797.jpg,sheep,0.247584384
877,COCO_train2014_000000296614.jpg,person,0.388796736
878,COCO_train2014_000000163985.jpg,person,0.223393314
879,COCO_train2014_000000051550.jpg,giraffe,0.477336931
880,COCO_train2014_000000159296.jpg,dining table,0.606018616
881,COCO_train2014_000000458677.jpg,person,0.597074371
882,COCO_train2014_000000173568.jpg,airplane,0.810909873
883,COCO_train2014_000000268231.jpg,zebra,0
884,COCO_train2014_000000041700.jpg,person,0
885,COCO_train2014_000000152954.jpg,person,0.08512489
886,COCO_train2014_000000327183.jpg,cake,0.180845108
887,COCO_train2014_000000063017.jpg,bird,0
888,COCO_train2014_000000566175.jpg,person,0.269778897
889,COCO_train2014_000000343621.jpg,refrigerator,0.577620577
890,COCO_train2014_000000321209.jpg,bench,0.566893279
891,COCO_train2014_000000261521.jpg,person,0.406706168
892,COCO_train2014_000000448507.jpg,donut,0.256060787
893,COCO_train2014_000000424222.jpg,boat,0
894,COCO_train2014_000000278211.jpg,person,0
895,COCO_train2014_000000080948.jpg,chair,0.207742845
896,COCO_train2014_000000363549.jpg,person,0.865519329
897,COCO_train2014_000000046592.jpg,chair,0.892446452
898,COCO_train2014_000000121867.jpg,person,0.792697673
899,COCO_train2014_000000534548.jpg,bear,0.223779469
900,COCO_train2014_000000419001.jpg,elephant,0.023134954
901,COCO_train2014_000000193664.jpg,couch,0.499944316
902,COCO_train2014_000000179953.jpg,giraffe,0.629494803
903,COCO_train2014_000000359253.jpg,person,0.824002798
904,COCO_train2014_000000552630.jpg,person,0.080848353
905,COCO_train2014_000000223165.jpg,donut,0.676118249
906,COCO_train2014_000000491346.jpg,bottle,0.137110336
907,COCO_train2014_000000410707.jpg,person,0.425845284
908,COCO_train2014_000000228659.jpg,person,0.180118335
909,COCO_train2014_000000010414.jpg,bowl,0
910,COCO_train2014_000000449776.jpg,person,0.400874355
911,COCO_train2014_000000061683.jpg,umbrella,0.394065547
912,COCO_train2014_000000186429.jpg,zebra,0
913,COCO_train2014_000000207330.jpg,chair,0.814976863
914,COCO_train2014_000000020794.jpg,person,0.964016069
915,COCO_train2014_000000188216.jpg,pizza,0.499380493
916,COCO_train2014_000000379177.jpg,sandwich,0.81608826
917,COCO_train2014_000000415933.jpg,fork,0.37760671
918,COCO_train2014_000000499108.jpg,person,0.360676378
919,COCO_train2014_000000458802.jpg,chair,0.582184476
920,COCO_train2014_000000001261.jpg,bowl,0.312081916
921,COCO_train2014_000000577343.jpg,bus,0
922,COCO_train2014_000000087845.jpg,bus,0.142692798
923,COCO_train2014_000000152965.jpg,person,0.460022432
924,COCO_train2014_000000159723.jpg,person,0.411941142
925,COCO_train2014_000000035358.jpg,person,0.067378007
926,COCO_train2014_000000517089.jpg,bus,0.152584207
927,COCO_train2014_000000450162.jpg,handbag,0.648421508
928,COCO_train2014_000000308180.jpg,couch,0.372109525
929,COCO_train2014_000000144272.jpg,person,0.434505115
930,COCO_train2014_000000424237.jpg,person,0.276477348
931,COCO_train2014_000000307758.jpg,pizza,0.287479374
932,COCO_train2014_000000225160.jpg,person,0.266379408
933,COCO_train2014_000000473911.jpg,person,0.159939815
934,COCO_train2014_000000205250.jpg,person,0.527583321
935,COCO_train2014_000000446815.jpg,horse,0.69041871
936,COCO_train2014_000000406171.jpg,person,0.160479139
937,COCO_train2014_000000381485.jpg,cell phone,0.793548387
938,COCO_train2014_000000533569.jpg,cow,0.663168854
939,COCO_train2014_000000123028.jpg,cup,0.561972588
940,COCO_train2014_000000419757.jpg,person,0.207979203
941,COCO_train2014_000000553587.jpg,motorcycle,0.41467854
942,COCO_train2014_000000372198.jpg,person,0.629457135
943,COCO_train2014_000000028214.jpg,person,0.699902304
944,COCO_train2014_000000010414.jpg,bowl,0.623746165
945,COCO_train2014_000000294909.jpg,chair,0.8823452
946,COCO_train2014_000000003877.jpg,chair,0.416306938
947,COCO_train2014_000000181697.jpg,zebra,0.083045672
948,COCO_train2014_000000285486.jpg,person,0.564610456
949,COCO_train2014_000000567301.jpg,person,0.657219706
950,COCO_train2014_000000302055.jpg,dining table,0.171080799
951,COCO_train2014_000000027675.jpg,bus,0.751866517
952,COCO_train2014_000000564432.jpg,giraffe,0.149069227
953,COCO_train2014_000000297175.jpg,donut,0.231293622
954,COCO_train2014_000000298160.jpg,bus,0.405226996
955,COCO_train2014_000000474161.jpg,person,0.722613362
956,COCO_train2014_000000164461.jpg,truck,0
957,COCO_train2014_000000477104.jpg,dining table,0.10990466
958,COCO_train2014_000000565613.jpg,person,0.741890252
959,COCO_train2014_000000377339.jpg,suitcase,0.055293192
960,COCO_train2014_000000566911.jpg,laptop,0.528424733
961,COCO_train2014_000000338087.jpg,person,0.076523369
962,COCO_train2014_000000121226.jpg,person,0.562687506
963,COCO_train2014_000000001507.jpg,dining table,0.479975169
964,COCO_train2014_000000306758.jpg,cup,0.628679764
965,COCO_train2014_000000472639.jpg,tv,0.363010892
966,COCO_train2014_000000312433.jpg,sandwich,0.272667471
967,COCO_train2014_000000068397.jpg,cake,0.221054954
968,COCO_train2014_000000085046.jpg,person,0
969,COCO_train2014_000000527264.jpg,person,0.130891867
970,COCO_train2014_000000576829.jpg,bed,0.341429251
971,COCO_train2014_000000237658.jpg,person,0.396974644
972,COCO_train2014_000000035052.jpg,person,0.102534407
973,COCO_train2014_000000574014.jpg,giraffe,0
974,COCO_train2014_000000462067.jpg,person,0
975,COCO_train2014_000000253087.jpg,person,0.282205188
976,COCO_train2014_000000057866.jpg,giraffe,0
977,COCO_train2014_000000526320.jpg,person,0.645542944
978,COCO_train2014_000000105195.jpg,person,0.121907911
979,COCO_train2014_000000491707.jpg,person,0.302757368
980,COCO_train2014_000000276009.jpg,motorcycle,0.439260486
981,COCO_train2014_000000097411.jpg,pizza,0.874716467
982,COCO_train2014_000000033992.jpg,bird,0.035600875
983,COCO_train2014_000000485526.jpg,bottle,0.200971568
984,COCO_train2014_000000429207.jpg,person,0.220063516
985,COCO_train2014_000000305451.jpg,person,0.47843817
986,COCO_train2014_000000419194.jpg,person,0
987,COCO_train2014_000000562826.jpg,person,0.443528999
988,COCO_train2014_000000100483.jpg,train,0.518455591
989,COCO_train2014_000000490986.jpg,elephant,0.162079333
990,COCO_train2014_000000215563.jpg,parking meter,0.404806323
991,COCO_train2014_000000409184.jpg,umbrella,0.339170136
992,COCO_train2014_000000109114.jpg,sandwich,0.249344567
993,COCO_train2014_000000421611.jpg,couch,0.21774665
994,COCO_train2014_000000458802.jpg,chair,0.280130573
995,COCO_train2014_000000349875.jpg,truck,0.988726813
996,COCO_train2014_000000430563.jpg,chair,0.166698135
997,COCO_train2014_000000050134.jpg,couch,0.294330118
998,COCO_train2014_000000305546.jpg,cat,0
999,COCO_train2014_000000150100.jpg,person,0.79826637
1000,COCO_train2014_000000145264.jpg,airplane,0.923963192
1001,COCO_train2014_000000027769.jpg,dining table,0
1002,COCO_train2014_000000005113.jpg,person,0.959919241
1003,COCO_train2014_000000194725.jpg,person,0.709064201
1004,COCO_train2014_000000490184.jpg,airplane,0.02219283
1005,COCO_train2014_000000424376.jpg,zebra,0.063453027
1006,COCO_train2014_000000033057.jpg,person,0.520649996
1007,COCO_train2014_000000078977.jpg,car,0.26799216
1008,COCO_train2014_000000038326.jpg,person,0.911293987
1009,COCO_train2014_000000087620.jpg,orange,0.066211688
1010,COCO_train2014_000000396303.jpg,person,0.383635515
1011,COCO_train2014_000000151327.jpg,person,0.478915826
1013,COCO_train2014_000000217779.jpg,cake,0.155572726
1014,COCO_train2014_000000275544.jpg,person,0.444313307
1015,COCO_train2014_000000395974.jpg,person,0.434718547
1016,COCO_train2014_000000505553.jpg,bowl,0.854730299
1017,COCO_train2014_000000423083.jpg,tv,0.399304376
1018,COCO_train2014_000000023127.jpg,person,0.030788744
1019,COCO_train2014_000000406530.jpg,teddy bear,0.617971603
1020,COCO_train2014_000000265316.jpg,person,0.754042789
1021,COCO_train2014_000000369609.jpg,traffic light,0.46978868
1022,COCO_train2014_000000485083.jpg,chair,0.507030724
1023,COCO_train2014_000000162283.jpg,person,0.174171946
1024,COCO_train2014_000000545806.jpg,person,0.255426974
1025,COCO_train2014_000000375904.jpg,chair,0.149747916
1026,COCO_train2014_000000308139.jpg,person,0.362305977
1027,COCO_train2014_000000377007.jpg,tv,0.721988601
1028,COCO_train2014_000000445308.jpg,chair,0.440784216
1029,COCO_train2014_000000455161.jpg,dog,0.553577752
1030,COCO_train2014_000000373024.jpg,cat,0
1031,COCO_train2014_000000468760.jpg,horse,0.117568205
1032,COCO_train2014_000000119023.jpg,person,0.235412472
1033,COCO_train2014_000000403567.jpg,horse,0.196950618
1035,COCO_train2014_000000164493.jpg,person,0
1036,COCO_train2014_000000510172.jpg,teddy bear,0.350764365
1037,COCO_train2014_000000456500.jpg,person,0.393086408
1038,COCO_train2014_000000066301.jpg,person,0.806279401
1039,COCO_train2014_000000301943.jpg,dog,0.265491447
1040,COCO_train2014_000000092480.jpg,chair,0.344392462
1041,COCO_train2014_000000090444.jpg,person,0.352184542
1042,COCO_train2014_000000543233.jpg,bench,0.378783446
1043,COCO_train2014_000000267548.jpg,person,0.220662883
1044,COCO_train2014_000000277775.jpg,person,0.498687923
1045,COCO_train2014_000000502395.jpg,dining table,0.592828955
1046,COCO_train2014_000000286044.jpg,bowl,0.172256743
1047,COCO_train2014_000000175669.jpg,person,0.63771692
1048,COCO_train2014_000000276956.jpg,person,0.26683271
1049,COCO_train2014_000000048665.jpg,orange,0.188087345
1050,COCO_train2014_000000506056.jpg,person,0
1051,COCO_train2014_000000071631.jpg,chair,0.120317657
1052,COCO_train2014_000000303822.jpg,kite,0.182544816
1053,COCO_train2014_000000364064.jpg,traffic light,0.305634079
1054,COCO_train2014_000000409754.jpg,bowl,0.669472843
1059,COCO_train2014_000000164493.jpg,person,0.0
1060,COCO_train2014_000000510172.jpg,teddy bear,0.3384092593850636
1061,COCO_train2014_000000456500.jpg,person,0.3930864079380901
1062,COCO_train2014_000000066301.jpg,person,0.8062794014617456
1063,COCO_train2014_000000301943.jpg,dog,0.2654914473980539
1064,COCO_train2014_000000092480.jpg,chair,0.34439246194068707
1065,COCO_train2014_000000090444.jpg,person,0.09257921944850703
1066,COCO_train2014_000000543233.jpg,bench,0.6149476010928998
1067,COCO_train2014_000000267548.jpg,person,0.22066288269036294
1068,COCO_train2014_000000277775.jpg,person,0.5240020304568526
1069,COCO_train2014_000000502395.jpg,dining table,0.5479767643621302
1070,COCO_train2014_000000286044.jpg,bowl,0.17225674281486916
1071,COCO_train2014_000000175669.jpg,person,0.6399064522763599
1072,COCO_train2014_000000276956.jpg,person,0.48423677559928036
1073,COCO_train2014_000000048665.jpg,orange,0.23690913175382608
1074,COCO_train2014_000000506056.jpg,person,0.0
1075,COCO_train2014_000000071631.jpg,chair,0.12031765681127388
1076,COCO_train2014_000000303822.jpg,kite,0.17877309468190325
1077,COCO_train2014_000000364064.jpg,traffic light,0.8241532876867362
1078,COCO_train2014_000000409754.jpg,bowl,0.6694728432089464
1079,COCO_train2014_000000080391.jpg,tie,0.8930701752109443
1080,COCO_train2014_000000015036.jpg,pizza,0.0
1081,COCO_train2014_000000485890.jpg,vase,0.0
1082,COCO_train2014_000000143736.jpg,book,0.4995538354651367
1083,COCO_train2014_000000495310.jpg,person,0.803605067344226
1084,COCO_train2014_000000548215.jpg,person,0.303711982498276
1085,COCO_train2014_000000450878.jpg,person,0.5174884586743614
1086,COCO_train2014_000000447297.jpg,motorcycle,0.6830452707172957
1087,COCO_train2014_000000445829.jpg,couch,0.43598432138282095
1088,COCO_train2014_000000125998.jpg,laptop,0.1693455108988813
1089,COCO_train2014_000000326357.jpg,bird,0.40582792788673416
1090,COCO_train2014_000000375027.jpg,carrot,0.23526384729002742
1091,COCO_train2014_000000036658.jpg,person,0.82726765549311
1092,COCO_train2014_000000538846.jpg,knife,0.5580950192908936
1093,COCO_train2014_000000175370.jpg,person,0.5280849712874822
1094,COCO_train2014_000000542301.jpg,person,0.6161665736171498
1095,COCO_train2014_000000253065.jpg,cell phone,0.9048958278295586
1096,COCO_train2014_000000337068.jpg,chair,0.44983313703437805
1097,COCO_train2014_000000467905.jpg,person,0.23737681428360535
1098,COCO_train2014_000000354897.jpg,broccoli,0.883901322307259
1099,COCO_train2014_000000066156.jpg,motorcycle,0.3152602093651746
1100,COCO_train2014_000000298651.jpg,sandwich,0.6625946289636775
1101,COCO_train2014_000000212877.jpg,cup,0.4388003137343897
1102,COCO_train2014_000000168368.jpg,person,0.43492613092832333
1103,COCO_train2014_000000154013.jpg,person,0.42811149412296556
1104,COCO_train2014_000000397325.jpg,horse,0.4573866600667561
1105,COCO_train2014_000000012728.jpg,bus,0.49464809474265564
1106,COCO_train2014_000000293448.jpg,zebra,0.7960038163716068
1107,COCO_train2014_000000139339.jpg,person,0.7091718479694816
1108,COCO_train2014_000000240521.jpg,person,0.3163839206298729
1109,COCO_train2014_000000362157.jpg,person,0.1446197468001256
1110,COCO_train2014_000000093922.jpg,giraffe,0.32609225387146495
1111,COCO_train2014_000000297868.jpg,person,0.8946442405807652
1112,COCO_train2014_000000355223.jpg,bear,0.6131822611582728
1113,COCO_train2014_000000392302.jpg,dining table,0.21707042607518437
1114,COCO_train2014_000000077873.jpg,truck,0.0
1115,COCO_train2014_000000165050.jpg,person,0.4552955381609237
1116,COCO_train2014_000000186438.jpg,broccoli,0.13323570162026985
1117,COCO_train2014_000000121938.jpg,person,0.0
1118,COCO_train2014_000000272439.jpg,chair,0.18866257015660187
1119,COCO_train2014_000000338215.jpg,giraffe,0.9437581967213112
1120,COCO_train2014_000000355594.jpg,person,0.4873381132208406
1121,COCO_train2014_000000388064.jpg,person,0.5290707237768619
1122,COCO_train2014_000000108228.jpg,person,0.2829249525509276
1123,COCO_train2014_000000352651.jpg,chair,0.0
1124,COCO_train2014_000000416950.jpg,person,0.530789723676961
1125,COCO_train2014_000000032880.jpg,boat,0.7113860103535244
1126,COCO_train2014_000000344817.jpg,zebra,0.0
1127,COCO_train2014_000000460029.jpg,giraffe,0.15497236988345495
1128,COCO_train2014_000000279929.jpg,person,0.4589111705144997
1129,COCO_train2014_000000207629.jpg,cake,0.16565262697459388
1130,COCO_train2014_000000072961.jpg,person,0.2540369817639136
1131,COCO_train2014_000000483363.jpg,person,0.29250215481811176
1132,COCO_train2014_000000077027.jpg,handbag,0.0
1133,COCO_train2014_000000237193.jpg,person,0.3278579363371179
1134,COCO_train2014_000000192450.jpg,sheep,0.2729514762516047
1135,COCO_train2014_000000436626.jpg,boat,0.5981002059584853
1136,COCO_train2014_000000059691.jpg,person,0.30653203898327425
1137,COCO_train2014_000000310317.jpg,person,0.14799749717194566
1138,COCO_train2014_000000080341.jpg,person,0.12822204622434746
1139,COCO_train2014_000000091639.jpg,dining table,0.3313809812126082
1140,COCO_train2014_000000051799.jpg,tv,0.0
1141,COCO_train2014_000000100626.jpg,potted plant,0.2462332589276755
1142,COCO_train2014_000000016015.jpg,dining table,0.3500305601092692
1143,COCO_train2014_000000187752.jpg,bottle,0.5192802237664752
1144,COCO_train2014_000000389935.jpg,skis,0.5880388334447849
1145,COCO_train2014_000000212682.jpg,person,0.52167902546385
1146,COCO_train2014_000000511224.jpg,giraffe,0.5677020655890399
1147,COCO_train2014_000000480947.jpg,person,0.12165163568090354
1148,COCO_train2014_000000368833.jpg,umbrella,0.11004384632169062
1149,COCO_train2014_000000552336.jpg,apple,0.9354591872532335
1150,COCO_train2014_000000096016.jpg,sheep,0.5939914584152717
1151,COCO_train2014_000000578519.jpg,sheep,0.46039191821139974
1152,COCO_train2014_000000569774.jpg,pizza,0.2862363189635918
1153,COCO_train2014_000000050945.jpg,pizza,0.0
