0,COCO_train2014_000000581857.jpg,person,0.34848436
1,COCO_train2014_000000581857.jpg,person,0.281156738
2,COCO_train2014_000000581839.jpg,person,0.14714656
3,COCO_train2014_000000581839.jpg,person,0.828806754
4,COCO_train2014_000000581789.jpg,person,0.253542818
5,COCO_train2014_000000581789.jpg,person,0.230454104
6,COCO_train2014_000000581739.jpg,vase,0
7,COCO_train2014_000000581739.jpg,vase,0
8,COCO_train2014_000000581739.jpg,vase,0.18603024
9,COCO_train2014_000000581738.jpg,bus,0.390602125
10,COCO_train2014_000000581738.jpg,bus,0.290209053
14,COCO_train2014_000000581686.jpg,bird,0.905650603
15,COCO_train2014_000000581686.jpg,bird,0.639962019
16,COCO_train2014_000000581657.jpg,laptop,0
17,COCO_train2014_000000581657.jpg,laptop,0.468950447
18,COCO_train2014_000000581657.jpg,person,0.829017172
19,COCO_train2014_000000581657.jpg,person,0.120084595
20,COCO_train2014_000000581629.jpg,person,0.698739224
21,COCO_train2014_000000581629.jpg,person,0.549922789
22,COCO_train2014_000000581629.jpg,person,0.496559811
23,COCO_train2014_000000581481.jpg,sandwich,0.426415903
24,COCO_train2014_000000581481.jpg,sandwich,0.321370146
25,COCO_train2014_000000581466.jpg,cow,0.712151388
26,COCO_train2014_000000581466.jpg,cow,0.079590009
27,COCO_train2014_000000581446.jpg,person,0.480037274
28,COCO_train2014_000000581446.jpg,person,0.430715448
29,COCO_train2014_000000581425.jpg,person,0.21964011
30,COCO_train2014_000000581425.jpg,person,0.20418648
31,COCO_train2014_000000581425.jpg,person,0.183090119
32,COCO_train2014_000000581419.jpg,clock,0.0246444
33,COCO_train2014_000000581419.jpg,clock,0
34,COCO_train2014_000000581419.jpg,clock,0.319946003
35,COCO_train2014_000000581354.jpg,horse,0.156261985
36,COCO_train2014_000000581354.jpg,horse,0.574354838
37,COCO_train2014_000000581258.jpg,person,0.563858288
38,COCO_train2014_000000581249.jpg,cat,0.620985626
39,COCO_train2014_000000581249.jpg,cat,0.678533027
40,COCO_train2014_000000581227.jpg,person,0.185415534
41,COCO_train2014_000000581227.jpg,person,0.5328626
42,COCO_train2014_000000581199.jpg,pizza,0
43,COCO_train2014_000000581199.jpg,pizza,0
44,COCO_train2014_000000581199.jpg,person,0.634137102
45,COCO_train2014_000000581199.jpg,person,0.092468154
46,COCO_train2014_000000581198.jpg,person,0.509226808
47,COCO_train2014_000000581198.jpg,person,0.322795985
48,COCO_train2014_000000581198.jpg,person,0.355748078
49,COCO_train2014_000000581198.jpg,person,0
50,COCO_train2014_000000581196.jpg,train,0.529625302
51,COCO_train2014_000000581136.jpg,chair,0
52,COCO_train2014_000000581136.jpg,couch,0
53,COCO_train2014_000000581136.jpg,couch,0
54,COCO_train2014_000000581136.jpg,couch,0.733409505
55,COCO_train2014_000000581136.jpg,chair,0.706369923
56,COCO_train2014_000000581108.jpg,motorcycle,0.320034517
57,COCO_train2014_000000581057.jpg,motorcycle,0.551429275
58,COCO_train2014_000000581057.jpg,motorcycle,0.317765198
59,COCO_train2014_000000581057.jpg,motorcycle,0.518608538
60,COCO_train2014_000000581057.jpg,person,0.40190421
61,COCO_train2014_000000581057.jpg,person,0
62,COCO_train2014_000000581021.jpg,zebra,0
63,COCO_train2014_000000581021.jpg,zebra,0.523594388
64,COCO_train2014_000000581009.jpg,person,0.590727733
65,COCO_train2014_000000581009.jpg,person,0.14488574
66,COCO_train2014_000000580945.jpg,person,0.483862932
67,COCO_train2014_000000580945.jpg,person,0.194563152
68,COCO_train2014_000000580945.jpg,person,0.857010466
69,COCO_train2014_000000580919.jpg,person,0.45781904
70,COCO_train2014_000000580913.jpg,pizza,0.03975702
71,COCO_train2014_000000580913.jpg,pizza,0.802997844
72,COCO_train2014_000000580851.jpg,toothbrush,0.276503392
73,COCO_train2014_000000580851.jpg,toothbrush,0.272964774
74,COCO_train2014_000000580851.jpg,toothbrush,0.312104749
75,COCO_train2014_000000580851.jpg,toothbrush,0.717720617
76,COCO_train2014_000000580849.jpg,person,0.152456857
77,COCO_train2014_000000580849.jpg,person,0.65194513
78,COCO_train2014_000000580849.jpg,person,0
79,COCO_train2014_000000580849.jpg,person,0.426088795
80,COCO_train2014_000000580849.jpg,person,0.113511788
81,COCO_train2014_000000580843.jpg,chair,0.957554173
82,COCO_train2014_000000580843.jpg,chair,0
83,COCO_train2014_000000580837.jpg,person,0
84,COCO_train2014_000000580837.jpg,person,0.073862981
85,COCO_train2014_000000580837.jpg,person,0.673660691
86,COCO_train2014_000000580741.jpg,couch,0
87,COCO_train2014_000000580741.jpg,couch,0.283535226
88,COCO_train2014_000000580718.jpg,broccoli,0
89,COCO_train2014_000000580718.jpg,broccoli,0.738551656
90,COCO_train2014_000000580695.jpg,person,0.173491831
91,COCO_train2014_000000580695.jpg,person,0.118456885
92,COCO_train2014_000000580631.jpg,cake,0.157059426
93,COCO_train2014_000000580631.jpg,cake,0.194883525
94,COCO_train2014_000000580625.jpg,couch,0
95,COCO_train2014_000000580625.jpg,couch,0.23920059
96,COCO_train2014_000000580609.jpg,person,0
97,COCO_train2014_000000580609.jpg,person,0.656036237
98,COCO_train2014_000000580609.jpg,person,0.4124927
99,COCO_train2014_000000580609.jpg,person,0.519995178
100,COCO_train2014_000000580600.jpg,donut,0.066978421
101,COCO_train2014_000000580600.jpg,donut,0.204008575
102,COCO_train2014_000000580600.jpg,donut,0
103,COCO_train2014_000000580600.jpg,donut,0.014942178
104,COCO_train2014_000000580600.jpg,donut,0.289885103
105,COCO_train2014_000000580600.jpg,donut,0.26805138
106,COCO_train2014_000000580579.jpg,donut,0.703679082
107,COCO_train2014_000000580579.jpg,donut,0.186924658
108,COCO_train2014_000000580562.jpg,truck,0
109,COCO_train2014_000000580562.jpg,truck,0.486628086
110,COCO_train2014_000000580549.jpg,bus,0.185322137
111,COCO_train2014_000000580549.jpg,bus,0.667900308
112,COCO_train2014_000000580541.jpg,spoon,0
113,COCO_train2014_000000580541.jpg,spoon,0.576847226
114,COCO_train2014_000000580523.jpg,person,0.908910244
115,COCO_train2014_000000580523.jpg,person,0.327477258
116,COCO_train2014_000000580510.jpg,giraffe,0
117,COCO_train2014_000000580510.jpg,giraffe,0.189844384
118,COCO_train2014_000000580505.jpg,person,0.413033095
119,COCO_train2014_000000580505.jpg,person,0.530298514
120,COCO_train2014_000000580505.jpg,person,0.772323181
121,COCO_train2014_000000580434.jpg,person,0.094775348
122,COCO_train2014_000000580434.jpg,person,0.277083609
123,COCO_train2014_000000580434.jpg,person,0.413254922
124,COCO_train2014_000000580408.jpg,person,0.6585669
125,COCO_train2014_000000580408.jpg,person,0.239583401
126,COCO_train2014_000000580396.jpg,person,0.148404421
127,COCO_train2014_000000580396.jpg,person,0.168532736
128,COCO_train2014_000000580396.jpg,person,0.34881907
129,COCO_train2014_000000580344.jpg,person,0
130,COCO_train2014_000000580344.jpg,cup,0.243827645
131,COCO_train2014_000000580344.jpg,cup,0.13188616
132,COCO_train2014_000000580344.jpg,person,0.618383309
133,COCO_train2014_000000580296.jpg,bear,0.603928283
134,COCO_train2014_000000580296.jpg,bear,0.468280002
135,COCO_train2014_000000580277.jpg,person,0
136,COCO_train2014_000000580277.jpg,person,0.141293425
137,COCO_train2014_000000580277.jpg,person,0
138,COCO_train2014_000000580277.jpg,person,0.540666841
139,COCO_train2014_000000580257.jpg,person,0.448737313
140,COCO_train2014_000000580257.jpg,person,0.3998033
141,COCO_train2014_000000580234.jpg,couch,0.930513795
142,COCO_train2014_000000580234.jpg,couch,0.901087696
143,COCO_train2014_000000580142.jpg,traffic light,0.530755693
144,COCO_train2014_000000580142.jpg,traffic light,0
145,COCO_train2014_000000580120.jpg,person,0.603966241
146,COCO_train2014_000000580120.jpg,person,0.36677374
147,COCO_train2014_000000580052.jpg,person,0.707404716
148,COCO_train2014_000000580052.jpg,person,0.124574979
149,COCO_train2014_000000580026.jpg,person,0.70735306
150,COCO_train2014_000000580026.jpg,person,0.25775589
151,COCO_train2014_000000579997.jpg,person,0
152,COCO_train2014_000000579997.jpg,person,0.123902003
153,COCO_train2014_000000579997.jpg,person,0
154,COCO_train2014_000000579909.jpg,refrigerator,0.30192988
155,COCO_train2014_000000579909.jpg,refrigerator,0.867627292
156,COCO_train2014_000000579907.jpg,couch,0.171140878
157,COCO_train2014_000000579901.jpg,person,0.241653746
158,COCO_train2014_000000579901.jpg,person,0.069085182
159,COCO_train2014_000000579901.jpg,person,0.030261557
160,COCO_train2014_000000579787.jpg,cow,0.087624301
161,COCO_train2014_000000579787.jpg,cow,0.61431843
162,COCO_train2014_000000579787.jpg,cow,0.583262124
163,COCO_train2014_000000579785.jpg,person,0.540908319
164,COCO_train2014_000000579785.jpg,person,0.163926627
165,COCO_train2014_000000579785.jpg,person,0.129729982
166,COCO_train2014_000000579680.jpg,person,0.251875398
167,COCO_train2014_000000579680.jpg,person,0.149652342
168,COCO_train2014_000000579663.jpg,person,0.408308905
169,COCO_train2014_000000579663.jpg,person,0.134113777
170,COCO_train2014_000000579663.jpg,person,0.814968373
171,COCO_train2014_000000579663.jpg,person,0.162803486
172,COCO_train2014_000000579663.jpg,person,0
173,COCO_train2014_000000579632.jpg,sandwich,0.346479379
174,COCO_train2014_000000579632.jpg,sandwich,0.483672752
175,COCO_train2014_000000579631.jpg,broccoli,0.300098551
176,COCO_train2014_000000579631.jpg,broccoli,0
177,COCO_train2014_000000579571.jpg,person,0.086353612
178,COCO_train2014_000000579571.jpg,person,0.316423713
179,COCO_train2014_000000579533.jpg,person,0.188047659
180,COCO_train2014_000000579533.jpg,person,0.626139779
181,COCO_train2014_000000579533.jpg,person,0.374692299
182,COCO_train2014_000000579446.jpg,chair,0.281313466
183,COCO_train2014_000000579395.jpg,person,0.295986255
184,COCO_train2014_000000579395.jpg,person,0.303559954
185,COCO_train2014_000000579382.jpg,motorcycle,0.428938902
186,COCO_train2014_000000579382.jpg,motorcycle,0.304046607
187,COCO_train2014_000000579366.jpg,elephant,0.47488933
188,COCO_train2014_000000579366.jpg,elephant,0
189,COCO_train2014_000000579332.jpg,person,0.829367193
190,COCO_train2014_000000579332.jpg,person,0.129502716
191,COCO_train2014_000000579332.jpg,person,0.341665372
192,COCO_train2014_000000579332.jpg,person,0.49387892
193,COCO_train2014_000000579329.jpg,dining table,0.542623318
194,COCO_train2014_000000579329.jpg,dining table,0.049345032
195,COCO_train2014_000000579329.jpg,person,0
196,COCO_train2014_000000579329.jpg,person,0.393169747
197,COCO_train2014_000000579255.jpg,couch,0.15202672
198,COCO_train2014_000000579255.jpg,chair,0
199,COCO_train2014_000000579255.jpg,chair,0
200,COCO_train2014_000000579215.jpg,chair,0.150198144
201,COCO_train2014_000000579215.jpg,chair,0.324590305
202,COCO_train2014_000000579206.jpg,kite,0.594240553
203,COCO_train2014_000000579206.jpg,kite,0.832185927
204,COCO_train2014_000000579186.jpg,couch,0.075709144
205,COCO_train2014_000000579186.jpg,couch,0.380382898
206,COCO_train2014_000000579179.jpg,person,0.455133265
207,COCO_train2014_000000579179.jpg,person,0.037670357
208,COCO_train2014_000000579179.jpg,person,0.380256969
209,COCO_train2014_000000579179.jpg,person,0.453348454
210,COCO_train2014_000000579165.jpg,bowl,0.366099641
211,COCO_train2014_000000579165.jpg,bowl,0.392224212
212,COCO_train2014_000000579156.jpg,cow,0.535360643
213,COCO_train2014_000000579156.jpg,cow,0.446516518
214,COCO_train2014_000000579145.jpg,person,0.68113597
215,COCO_train2014_000000579145.jpg,person,0.435652638
218,COCO_train2014_000000579136.jpg,person,0
219,COCO_train2014_000000579136.jpg,person,0.214720719
220,COCO_train2014_000000579051.jpg,person,0.540630551
221,COCO_train2014_000000579051.jpg,person,0.491862311
222,COCO_train2014_000000578950.jpg,banana,0
223,COCO_train2014_000000578950.jpg,banana,0.357064177
224,COCO_train2014_000000578924.jpg,bed,0.174964677
225,COCO_train2014_000000578884.jpg,bus,0.378543887
226,COCO_train2014_000000578884.jpg,bus,0.52004465
227,COCO_train2014_000000578875.jpg,giraffe,0.326789531
228,COCO_train2014_000000578875.jpg,giraffe,0.478787654
229,COCO_train2014_000000578841.jpg,person,0.24686205
230,COCO_train2014_000000578841.jpg,person,0.363469526
231,COCO_train2014_000000578766.jpg,person,0
232,COCO_train2014_000000578766.jpg,person,0.103356592
233,COCO_train2014_000000578766.jpg,person,0.676293762
234,COCO_train2014_000000578718.jpg,person,0.136084194
235,COCO_train2014_000000578718.jpg,person,0.600685438
236,COCO_train2014_000000578718.jpg,person,0.74471606
237,COCO_train2014_000000578718.jpg,person,0.469286171
238,COCO_train2014_000000578702.jpg,broccoli,0.367640592
239,COCO_train2014_000000578702.jpg,broccoli,0.130538893
240,COCO_train2014_000000578652.jpg,banana,0.175537773
241,COCO_train2014_000000578649.jpg,sheep,0.163342443
242,COCO_train2014_000000578626.jpg,person,0.46192491
243,COCO_train2014_000000578626.jpg,person,0.326795868
244,COCO_train2014_000000578567.jpg,person,0.198123975
245,COCO_train2014_000000578567.jpg,person,0.148430015
246,COCO_train2014_000000578523.jpg,person,0.622261292
247,COCO_train2014_000000578523.jpg,person,0.710267772
248,COCO_train2014_000000578521.jpg,person,0.350548369
249,COCO_train2014_000000578521.jpg,person,0.325953207
250,COCO_train2014_000000578519.jpg,person,0.300144704
251,COCO_train2014_000000578519.jpg,person,0.353955534
252,COCO_train2014_000000578519.jpg,sheep,0.229776686
253,COCO_train2014_000000578513.jpg,person,0.588519289
254,COCO_train2014_000000578513.jpg,person,0.037327684
255,COCO_train2014_000000578459.jpg,person,0.048337643
256,COCO_train2014_000000578459.jpg,person,0.178130319
257,COCO_train2014_000000578459.jpg,person,0.656577965
258,COCO_train2014_000000578459.jpg,person,0.234438502
259,COCO_train2014_000000578459.jpg,person,0
260,COCO_train2014_000000578459.jpg,person,0.140269515
261,COCO_train2014_000000578459.jpg,person,0.187104191
262,COCO_train2014_000000578375.jpg,bench,0.502587002
263,COCO_train2014_000000578375.jpg,bench,0.274524137
264,COCO_train2014_000000578369.jpg,person,0
265,COCO_train2014_000000578331.jpg,person,0.519576552
266,COCO_train2014_000000578331.jpg,person,0.462829578
267,COCO_train2014_000000578326.jpg,person,0.476871856
268,COCO_train2014_000000578326.jpg,person,0
271,COCO_train2014_000000578184.jpg,couch,0
272,COCO_train2014_000000578184.jpg,couch,0
273,COCO_train2014_000000578154.jpg,sheep,0.556318463
274,COCO_train2014_000000578154.jpg,sheep,0.333548845
275,COCO_train2014_000000578154.jpg,sheep,0.249272289
276,COCO_train2014_000000578128.jpg,person,0.214866731
277,COCO_train2014_000000578128.jpg,laptop,0
278,COCO_train2014_000000578128.jpg,laptop,0.228866561
279,COCO_train2014_000000578128.jpg,person,0.281433956
280,COCO_train2014_000000578128.jpg,person,0
281,COCO_train2014_000000578108.jpg,cat,0.42809047
282,COCO_train2014_000000578108.jpg,cat,0.563638955
283,COCO_train2014_000000578070.jpg,person,0.284493845
284,COCO_train2014_000000578070.jpg,person,0.452111483
285,COCO_train2014_000000578063.jpg,cake,0.504446252
286,COCO_train2014_000000578063.jpg,cake,0.055567148
287,COCO_train2014_000000578063.jpg,cake,0.242414116
288,COCO_train2014_000000578056.jpg,person,0.542263617
289,COCO_train2014_000000578056.jpg,person,0
290,COCO_train2014_000000578046.jpg,sandwich,0.487379172
291,COCO_train2014_000000578046.jpg,sandwich,0.437612441
292,COCO_train2014_000000578037.jpg,person,0.668322053
293,COCO_train2014_000000578037.jpg,person,0.146776792
294,COCO_train2014_000000578037.jpg,person,0.262117483
295,COCO_train2014_000000578009.jpg,suitcase,0.84946372
296,COCO_train2014_000000578009.jpg,suitcase,0.094480345
297,COCO_train2014_000000578009.jpg,suitcase,0.00636217
298,COCO_train2014_000000578009.jpg,suitcase,0.029075865
299,COCO_train2014_000000578009.jpg,suitcase,0.791479292
300,COCO_train2014_000000577953.jpg,person,0.689695971
301,COCO_train2014_000000577953.jpg,person,0.222454555
302,COCO_train2014_000000577948.jpg,broccoli,0.490793848
303,COCO_train2014_000000577907.jpg,person,0.211127512
304,COCO_train2014_000000577850.jpg,person,0.440216425
305,COCO_train2014_000000577850.jpg,dining table,0.215222392
306,COCO_train2014_000000577850.jpg,dining table,0.440042644
307,COCO_train2014_000000577850.jpg,person,0
308,COCO_train2014_000000577830.jpg,person,0.399819133
309,COCO_train2014_000000577830.jpg,person,0.406943471
310,COCO_train2014_000000577819.jpg,person,0.195328194
311,COCO_train2014_000000577819.jpg,person,0.903623809
312,COCO_train2014_000000577809.jpg,apple,0
313,COCO_train2014_000000577809.jpg,apple,0
314,COCO_train2014_000000577809.jpg,apple,0.536135421
315,COCO_train2014_000000577808.jpg,sandwich,0.247023849
316,COCO_train2014_000000577808.jpg,sandwich,0.620979605
317,COCO_train2014_000000577657.jpg,wine glass,0.160344001
318,COCO_train2014_000000577657.jpg,wine glass,0.09056084
319,COCO_train2014_000000577657.jpg,wine glass,0.516682366
320,COCO_train2014_000000577657.jpg,wine glass,0.283961079
321,COCO_train2014_000000577657.jpg,wine glass,0.138548455
322,COCO_train2014_000000577657.jpg,wine glass,0
323,COCO_train2014_000000577637.jpg,person,0.219746091
324,COCO_train2014_000000577637.jpg,person,0.735570742
325,COCO_train2014_000000577586.jpg,person,0.454575297
326,COCO_train2014_000000577586.jpg,person,0.047259432
327,COCO_train2014_000000577586.jpg,person,0.909794844
328,COCO_train2014_000000577556.jpg,person,0.805780374
329,COCO_train2014_000000577556.jpg,person,0.383442363
330,COCO_train2014_000000577455.jpg,bird,0.390956172
331,COCO_train2014_000000577455.jpg,bird,0.344877441
332,COCO_train2014_000000577455.jpg,bird,0.988611356
333,COCO_train2014_000000577455.jpg,bird,0.379919319
334,COCO_train2014_000000577556.jpg,person,0.805780374
335,COCO_train2014_000000577556.jpg,person,0.383442363
336,COCO_train2014_000000577455.jpg,bird,0.297918426
337,COCO_train2014_000000577455.jpg,bird,0.344877441
338,COCO_train2014_000000577455.jpg,bird,0.939837103
339,COCO_train2014_000000577455.jpg,bird,0.379919319
340,COCO_train2014_000000577447.jpg,orange,0.325781612
341,COCO_train2014_000000577447.jpg,orange,0.087908701
342,COCO_train2014_000000577421.jpg,horse,0.499199263
343,COCO_train2014_000000577421.jpg,horse,0.198163265
344,COCO_train2014_000000577416.jpg,person,0.529793067
345,COCO_train2014_000000577405.jpg,orange,0.357300653
346,COCO_train2014_000000577405.jpg,orange,0
347,COCO_train2014_000000577362.jpg,horse,0.294159141
348,COCO_train2014_000000577362.jpg,horse,0.116117297
349,COCO_train2014_000000577358.jpg,person,0.466423738
350,COCO_train2014_000000577343.jpg,bus,0.007965669
351,COCO_train2014_000000577343.jpg,bus,0.601448636
352,COCO_train2014_000000577343.jpg,car,0
353,COCO_train2014_000000577343.jpg,car,0.573255317
354,COCO_train2014_000000577333.jpg,teddy bear,0.593240519
355,COCO_train2014_000000577333.jpg,teddy bear,0.504762357
356,COCO_train2014_000000577333.jpg,teddy bear,0.169844478
357,COCO_train2014_000000577320.jpg,cat,0.084377855
358,COCO_train2014_000000577320.jpg,cat,0.044107576
359,COCO_train2014_000000577320.jpg,cat,0.159036905
360,COCO_train2014_000000577320.jpg,cat,0.399853963
361,COCO_train2014_000000577278.jpg,cup,0.081294366
362,COCO_train2014_000000577278.jpg,cup,0.246644728
363,COCO_train2014_000000577278.jpg,cup,0.693180353
364,COCO_train2014_000000577225.jpg,couch,0.181526927
365,COCO_train2014_000000577225.jpg,couch,0.616305127
366,COCO_train2014_000000577221.jpg,pizza,0.179394856
367,COCO_train2014_000000577221.jpg,pizza,0.688713865
368,COCO_train2014_000000577176.jpg,cake,0.304582627
369,COCO_train2014_000000577176.jpg,cake,0.656533673
370,COCO_train2014_000000577140.jpg,apple,0.235772038
371,COCO_train2014_000000577140.jpg,apple,0.277727083
372,COCO_train2014_000000577140.jpg,apple,0.055662592
373,COCO_train2014_000000577129.jpg,potted plant,0.454582736
374,COCO_train2014_000000577126.jpg,person,0.402713325
375,COCO_train2014_000000577126.jpg,person,0.562740718
376,COCO_train2014_000000577126.jpg,person,0.868423539
377,COCO_train2014_000000577087.jpg,cup,0.306185799
378,COCO_train2014_000000577087.jpg,cup,0.479318028
379,COCO_train2014_000000577083.jpg,person,0.474250626
380,COCO_train2014_000000577083.jpg,person,0.09847064
381,COCO_train2014_000000576994.jpg,couch,0.485777341
382,COCO_train2014_000000576994.jpg,couch,0.563975643
383,COCO_train2014_000000576973.jpg,person,0.717307816
384,COCO_train2014_000000576973.jpg,person,0
385,COCO_train2014_000000576973.jpg,person,0
386,COCO_train2014_000000576931.jpg,person,0.205171196
387,COCO_train2014_000000576931.jpg,person,0
388,COCO_train2014_000000576931.jpg,person,0.250557166
389,COCO_train2014_000000576931.jpg,person,0.236173708
390,COCO_train2014_000000576931.jpg,person,0.084720107
391,COCO_train2014_000000576902.jpg,giraffe,0.102780002
392,COCO_train2014_000000576902.jpg,giraffe,0.075814696
393,COCO_train2014_000000576895.jpg,person,0.590851756
394,COCO_train2014_000000576895.jpg,person,0.199354101
395,COCO_train2014_000000576895.jpg,person,0.099984315
396,COCO_train2014_000000576818.jpg,sandwich,0.380522289
397,COCO_train2014_000000576818.jpg,sandwich,0.72162739
398,COCO_train2014_000000576810.jpg,person,0.543550596
399,COCO_train2014_000000576810.jpg,person,0.696333718
400,COCO_train2014_000000576771.jpg,dining table,0.434633783
401,COCO_train2014_000000576771.jpg,sandwich,0.238220737
402,COCO_train2014_000000576771.jpg,sandwich,0.290953422
403,COCO_train2014_000000576736.jpg,vase,0.620535581
404,COCO_train2014_000000576736.jpg,vase,0.26831838
405,COCO_train2014_000000576736.jpg,vase,0.249131842
406,COCO_train2014_000000576736.jpg,vase,0.362233109
407,COCO_train2014_000000576732.jpg,sandwich,0.305088444
408,COCO_train2014_000000576732.jpg,sandwich,0.397801924
409,COCO_train2014_000000576702.jpg,person,0.69538679
410,COCO_train2014_000000576702.jpg,person,0.206297059
411,COCO_train2014_000000576702.jpg,person,0.167270291
412,COCO_train2014_000000576702.jpg,person,0.438070148
413,COCO_train2014_000000576702.jpg,bowl,0.190925343
414,COCO_train2014_000000576702.jpg,bowl,0.721709419
415,COCO_train2014_000000576689.jpg,person,0.428869971
416,COCO_train2014_000000576689.jpg,person,0.168758951
417,COCO_train2014_000000576598.jpg,elephant,0.587600876
418,COCO_train2014_000000576543.jpg,train,0.321038233
419,COCO_train2014_000000576543.jpg,train,0.562413576
420,COCO_train2014_000000576526.jpg,person,0.512957651
421,COCO_train2014_000000576526.jpg,person,0.60023166
422,COCO_train2014_000000576500.jpg,person,0.442826701
423,COCO_train2014_000000576500.jpg,person,0.634261135
425,COCO_train2014_000000576457.jpg,microwave,0.585987238
426,COCO_train2014_000000576457.jpg,microwave,0.052885693
427,COCO_train2014_000000576457.jpg,person,0.951764626
428,COCO_train2014_000000576457.jpg,person,0.712427716
429,COCO_train2014_000000576430.jpg,donut,0
430,COCO_train2014_000000576430.jpg,donut,0.081270088
431,COCO_train2014_000000576430.jpg,donut,0.07298353
432,COCO_train2014_000000576430.jpg,donut,0.028117353
433,COCO_train2014_000000576389.jpg,wine glass,0.257378453
434,COCO_train2014_000000576389.jpg,wine glass,0.060363335
435,COCO_train2014_000000576389.jpg,wine glass,0
436,COCO_train2014_000000576389.jpg,wine glass,0.103521324
437,COCO_train2014_000000576290.jpg,giraffe,0
438,COCO_train2014_000000576290.jpg,giraffe,0.078138233
439,COCO_train2014_000000576290.jpg,giraffe,0
440,COCO_train2014_000000576290.jpg,giraffe,0.611427497
441,COCO_train2014_000000576262.jpg,suitcase,0.196955837
442,COCO_train2014_000000576262.jpg,suitcase,0.12585979
443,COCO_train2014_000000576262.jpg,suitcase,0
444,COCO_train2014_000000576262.jpg,suitcase,0.286201167
445,COCO_train2014_000000576225.jpg,person,0.777009069
446,COCO_train2014_000000576225.jpg,person,0.69941446
447,COCO_train2014_000000576212.jpg,keyboard,0.074080949
448,COCO_train2014_000000576212.jpg,keyboard,0.582015497
449,COCO_train2014_000000576187.jpg,motorcycle,0.306354331
450,COCO_train2014_000000576187.jpg,motorcycle,0
451,COCO_train2014_000000576157.jpg,elephant,0.135147272
452,COCO_train2014_000000576157.jpg,elephant,0.726683262
453,COCO_train2014_000000576157.jpg,elephant,0.567483789
454,COCO_train2014_000000576138.jpg,person,0
455,COCO_train2014_000000576138.jpg,person,0.383473113
456,COCO_train2014_000000576138.jpg,dining table,0.413194031
457,COCO_train2014_000000576138.jpg,person,0.479700017
458,COCO_train2014_000000576138.jpg,person,0.691116062
459,COCO_train2014_000000576128.jpg,elephant,0.269602151
460,COCO_train2014_000000576128.jpg,elephant,0.927371307
461,COCO_train2014_000000576098.jpg,person,0.202357262
462,COCO_train2014_000000576098.jpg,person,0.396878963
463,COCO_train2014_000000576040.jpg,tv,0.852190174
464,COCO_train2014_000000576040.jpg,tv,0.814335149
465,COCO_train2014_000000575961.jpg,chair,0.31426783
466,COCO_train2014_000000575961.jpg,chair,0.062558485
467,COCO_train2014_000000575955.jpg,person,0.559452154
468,COCO_train2014_000000575955.jpg,person,0
469,COCO_train2014_000000575955.jpg,person,0.753681662
470,COCO_train2014_000000575949.jpg,person,0.437325181
471,COCO_train2014_000000575949.jpg,kite,0.456931927
472,COCO_train2014_000000575949.jpg,person,0.205547906
473,COCO_train2014_000000575949.jpg,kite,0.242781747
477,COCO_train2014_000000575756.jpg,person,0.714054361
478,COCO_train2014_000000575756.jpg,person,0.557621778
479,COCO_train2014_000000575743.jpg,chair,0.490443487
480,COCO_train2014_000000575711.jpg,person,0.205816866
481,COCO_train2014_000000575711.jpg,person,0
482,COCO_train2014_000000575711.jpg,person,0
483,COCO_train2014_000000575704.jpg,elephant,0.154847272
484,COCO_train2014_000000575704.jpg,elephant,0.288242479
485,COCO_train2014_000000575704.jpg,elephant,0.219351329
486,COCO_train2014_000000575703.jpg,cow,0.403141114
487,COCO_train2014_000000575703.jpg,cow,0.633936953
488,COCO_train2014_000000575703.jpg,cow,0.497979261
489,COCO_train2014_000000575701.jpg,person,0.599295934
490,COCO_train2014_000000575701.jpg,person,0.433447682
491,COCO_train2014_000000575641.jpg,person,0.126453033
492,COCO_train2014_000000575641.jpg,person,0.844089849
493,COCO_train2014_000000575627.jpg,person,0.345430509
494,COCO_train2014_000000575627.jpg,person,0.24854141
495,COCO_train2014_000000575627.jpg,person,0.186759335
496,COCO_train2014_000000575627.jpg,person,0
497,COCO_train2014_000000575627.jpg,person,0.821798275
498,COCO_train2014_000000575594.jpg,teddy bear,0.633839002
499,COCO_train2014_000000575594.jpg,teddy bear,0.311223055
500,COCO_train2014_000000575574.jpg,person,0.183564308
501,COCO_train2014_000000575574.jpg,person,0.172047761
502,COCO_train2014_000000575574.jpg,person,0.021724571
503,COCO_train2014_000000575574.jpg,person,0.173906727
504,COCO_train2014_000000575526.jpg,person,0.071951221
505,COCO_train2014_000000575526.jpg,person,0.555049464
506,COCO_train2014_000000575502.jpg,cake,0.265468193
507,COCO_train2014_000000575502.jpg,cake,0.336294876
508,COCO_train2014_000000575490.jpg,person,0.551316414
509,COCO_train2014_000000575490.jpg,person,0.262581235
510,COCO_train2014_000000575421.jpg,pizza,0.019255835
511,COCO_train2014_000000575421.jpg,pizza,0.052293998
512,COCO_train2014_000000575417.jpg,person,0.268641419
513,COCO_train2014_000000575417.jpg,person,0.502842127
514,COCO_train2014_000000575294.jpg,cow,0
515,COCO_train2014_000000575294.jpg,cow,0.73126905
516,COCO_train2014_000000575284.jpg,person,0.604947625
517,COCO_train2014_000000575284.jpg,person,0
518,COCO_train2014_000000575220.jpg,person,0.13433005
519,COCO_train2014_000000575220.jpg,person,0.338819077
520,COCO_train2014_000000575055.jpg,person,0
521,COCO_train2014_000000575055.jpg,person,0.646622861
522,COCO_train2014_000000575055.jpg,person,0
523,COCO_train2014_000000575049.jpg,person,0.057696401
524,COCO_train2014_000000575049.jpg,person,0.657332157
525,COCO_train2014_000000575049.jpg,person,0.446093771
526,COCO_train2014_000000574983.jpg,zebra,0.420105001
527,COCO_train2014_000000574957.jpg,person,0.634930865
528,COCO_train2014_000000574957.jpg,person,0.495740567
529,COCO_train2014_000000574857.jpg,person,0.124320989
530,COCO_train2014_000000574857.jpg,person,0.305478779
531,COCO_train2014_000000574857.jpg,person,0.438434124
532,COCO_train2014_000000574829.jpg,refrigerator,0
533,COCO_train2014_000000574829.jpg,refrigerator,0.608943903
534,COCO_train2014_000000574747.jpg,elephant,0.117441572
535,COCO_train2014_000000574747.jpg,elephant,0.250033051
536,COCO_train2014_000000574747.jpg,elephant,0.301626117
537,COCO_train2014_000000574747.jpg,elephant,0.449334979
538,COCO_train2014_000000574722.jpg,horse,0.562958619
539,COCO_train2014_000000574722.jpg,horse,0.530876901
540,COCO_train2014_000000574678.jpg,person,0.160156292
541,COCO_train2014_000000574678.jpg,person,0.470140832
542,COCO_train2014_000000574654.jpg,person,0.521713836
543,COCO_train2014_000000574654.jpg,person,0.645204423
544,COCO_train2014_000000574645.jpg,person,0.471108023
545,COCO_train2014_000000574645.jpg,person,0.181553113
546,COCO_train2014_000000574605.jpg,person,0.517494058
547,COCO_train2014_000000574605.jpg,person,0.464434247
548,COCO_train2014_000000574599.jpg,sheep,0.188450634
549,COCO_train2014_000000574599.jpg,sheep,0.265168435
550,COCO_train2014_000000574590.jpg,person,0.167690305
551,COCO_train2014_000000574590.jpg,person,0.220542198
552,COCO_train2014_000000574590.jpg,person,0.125639781
553,COCO_train2014_000000574563.jpg,person,0.04399674
554,COCO_train2014_000000574563.jpg,person,0.247676472
555,COCO_train2014_000000574562.jpg,car,0.143856123
556,COCO_train2014_000000574562.jpg,car,0.440441336
557,COCO_train2014_000000574453.jpg,person,0.611502629
558,COCO_train2014_000000574453.jpg,person,0.356980697
559,COCO_train2014_000000574420.jpg,person,0.655394411
560,COCO_train2014_000000574420.jpg,person,0.273359312
561,COCO_train2014_000000574384.jpg,giraffe,0.091875605
562,COCO_train2014_000000574384.jpg,giraffe,0.164957459
563,COCO_train2014_000000574384.jpg,giraffe,0.28602558
564,COCO_train2014_000000574368.jpg,person,0.74769629
565,COCO_train2014_000000574368.jpg,person,0.633498097
566,COCO_train2014_000000574277.jpg,person,0.808886711
567,COCO_train2014_000000574232.jpg,teddy bear,0.919317609
568,COCO_train2014_000000574232.jpg,teddy bear,0.937713107
569,COCO_train2014_000000574232.jpg,teddy bear,0
570,COCO_train2014_000000574217.jpg,person,0
571,COCO_train2014_000000574217.jpg,person,0.646963699
572,COCO_train2014_000000574211.jpg,person,0.183614149
573,COCO_train2014_000000574211.jpg,person,0.325364667
574,COCO_train2014_000000574211.jpg,person,0.3270861
575,COCO_train2014_000000574211.jpg,person,0.144090221
576,COCO_train2014_000000574114.jpg,airplane,0.580955184
577,COCO_train2014_000000574114.jpg,airplane,0.561390303
578,COCO_train2014_000000574106.jpg,horse,0.155101678
579,COCO_train2014_000000574106.jpg,horse,0.074637967
580,COCO_train2014_000000574076.jpg,person,0.700147267
581,COCO_train2014_000000574076.jpg,person,0.932161619
582,COCO_train2014_000000574049.jpg,cow,0.205475576
583,COCO_train2014_000000574049.jpg,cow,0.345616537
584,COCO_train2014_000000574049.jpg,cow,0.392057834
585,COCO_train2014_000000573995.jpg,person,0.164061188
586,COCO_train2014_000000573995.jpg,person,0.262515687
587,COCO_train2014_000000573975.jpg,broccoli,0.023675503
588,COCO_train2014_000000573975.jpg,broccoli,0.473922722
589,COCO_train2014_000000573966.jpg,elephant,0.039994246
590,COCO_train2014_000000573966.jpg,elephant,0.301473663
591,COCO_train2014_000000573961.jpg,sheep,0.847943426
592,COCO_train2014_000000573961.jpg,sheep,0.577922104
593,COCO_train2014_000000573931.jpg,dining table,0.261118691
594,COCO_train2014_000000573931.jpg,dining table,0.079464308
595,COCO_train2014_000000573931.jpg,dining table,0.888018347
596,COCO_train2014_000000573913.jpg,person,0.289786446
597,COCO_train2014_000000573913.jpg,person,0.469022944
598,COCO_train2014_000000573854.jpg,airplane,0.46665729
599,COCO_train2014_000000573854.jpg,airplane,0
600,COCO_train2014_000000573807.jpg,truck,0.247126183
601,COCO_train2014_000000573807.jpg,truck,0
602,COCO_train2014_000000573744.jpg,car,0.531205499
603,COCO_train2014_000000573744.jpg,car,0.479704817
604,COCO_train2014_000000573725.jpg,person,0.304933614
605,COCO_train2014_000000573725.jpg,person,0.690302045
606,COCO_train2014_000000573725.jpg,couch,0.153863076
607,COCO_train2014_000000573725.jpg,couch,0.293569887
608,COCO_train2014_000000573724.jpg,chair,0.749148312
609,COCO_train2014_000000573700.jpg,bus,0.05783119
610,COCO_train2014_000000573700.jpg,bus,0.109702388
611,COCO_train2014_000000573700.jpg,bus,0.37400237
612,COCO_train2014_000000573653.jpg,pizza,0.063100308
613,COCO_train2014_000000573653.jpg,pizza,0.39904455
614,COCO_train2014_000000573653.jpg,pizza,0.30654999
615,COCO_train2014_000000573640.jpg,person,0.680767463
616,COCO_train2014_000000573640.jpg,person,0.772625194
617,COCO_train2014_000000573635.jpg,truck,0.174175384
618,COCO_train2014_000000573635.jpg,truck,0.375434501
619,COCO_train2014_000000573611.jpg,person,0.899622234
620,COCO_train2014_000000573611.jpg,person,0.443858826
621,COCO_train2014_000000573611.jpg,person,0.721455953
622,COCO_train2014_000000573576.jpg,book,0.242661997
626,COCO_train2014_000000573357.jpg,person,0.310612137
627,COCO_train2014_000000573357.jpg,person,0.123879603
628,COCO_train2014_000000573287.jpg,person,0.423633285
629,COCO_train2014_000000573611.jpg,person,0.487249413
630,COCO_train2014_000000573611.jpg,person,0.641572235
631,COCO_train2014_000000573576.jpg,book,0.243875771
635,COCO_train2014_000000573357.jpg,person,0.310612137
636,COCO_train2014_000000573357.jpg,person,0.489834372
637,COCO_train2014_000000573287.jpg,person,0.477361036
638,COCO_train2014_000000573287.jpg,person,0.372819021
639,COCO_train2014_000000573287.jpg,person,0.56269536
640,COCO_train2014_000000573287.jpg,couch,0
641,COCO_train2014_000000573287.jpg,couch,0.10266802
642,COCO_train2014_000000573166.jpg,motorcycle,0.597110936
643,COCO_train2014_000000573166.jpg,motorcycle,0.746109599
644,COCO_train2014_000000573165.jpg,person,0.442480168
645,COCO_train2014_000000573107.jpg,person,0.623104292
646,COCO_train2014_000000573107.jpg,person,0.347837858
647,COCO_train2014_000000573107.jpg,person,0.72183597
648,COCO_train2014_000000573063.jpg,oven,0.499996014
649,COCO_train2014_000000573063.jpg,oven,0.492261629
650,COCO_train2014_000000573018.jpg,person,0.733635264
651,COCO_train2014_000000573018.jpg,person,0.620571526
652,COCO_train2014_000000572998.jpg,person,0.680337841
653,COCO_train2014_000000572998.jpg,person,0.108222908
654,COCO_train2014_000000572958.jpg,person,0.329994529
655,COCO_train2014_000000572958.jpg,person,0.600654924
656,COCO_train2014_000000572958.jpg,person,0.651473116
657,COCO_train2014_000000572902.jpg,person,0.37618132
658,COCO_train2014_000000572902.jpg,person,0.178591064
659,COCO_train2014_000000572902.jpg,person,0.602912497
660,COCO_train2014_000000572902.jpg,person,0.206070392
661,COCO_train2014_000000572888.jpg,bowl,0.220853454
662,COCO_train2014_000000572888.jpg,bowl,0
663,COCO_train2014_000000572884.jpg,airplane,0.930905754
664,COCO_train2014_000000572884.jpg,airplane,0.64980744
665,COCO_train2014_000000572879.jpg,person,0
666,COCO_train2014_000000572879.jpg,person,0.47449399
667,COCO_train2014_000000572840.jpg,train,0.285310463
668,COCO_train2014_000000572840.jpg,train,0.175651774
669,COCO_train2014_000000572801.jpg,truck,0.075446382
670,COCO_train2014_000000572801.jpg,truck,0.593373893
671,COCO_train2014_000000572789.jpg,person,0.946256389
672,COCO_train2014_000000572789.jpg,person,0.830123246
673,COCO_train2014_000000572786.jpg,car,0.174514274
674,COCO_train2014_000000572786.jpg,car,0.243581433
675,COCO_train2014_000000572732.jpg,chair,0.215081318
676,COCO_train2014_000000572732.jpg,chair,0.355044302
677,COCO_train2014_000000572611.jpg,person,0.194045693
678,COCO_train2014_000000572611.jpg,person,0.248813315
679,COCO_train2014_000000572611.jpg,person,0.373906916
680,COCO_train2014_000000572602.jpg,bowl,0.943880565
681,COCO_train2014_000000572602.jpg,bowl,0.92526793
682,COCO_train2014_000000572602.jpg,bowl,0.807667936
683,COCO_train2014_000000572602.jpg,bowl,0.496089476
684,COCO_train2014_000000572587.jpg,person,0.27377246
685,COCO_train2014_000000572587.jpg,person,0.409757619
686,COCO_train2014_000000572587.jpg,person,0.416029921
687,COCO_train2014_000000572586.jpg,person,0
688,COCO_train2014_000000572586.jpg,person,0
689,COCO_train2014_000000572550.jpg,person,0.123959382
690,COCO_train2014_000000572550.jpg,person,0.923576701
691,COCO_train2014_000000572550.jpg,person,0.178788587
692,COCO_train2014_000000572529.jpg,person,0
693,COCO_train2014_000000572529.jpg,person,0.650446065
694,COCO_train2014_000000572508.jpg,person,0.117057966
695,COCO_train2014_000000572508.jpg,person,0.31537139
696,COCO_train2014_000000572474.jpg,donut,0.555074223
697,COCO_train2014_000000572474.jpg,donut,0.072437219
698,COCO_train2014_000000572467.jpg,person,0.272366419
699,COCO_train2014_000000572467.jpg,person,0.360476413
700,COCO_train2014_000000572448.jpg,apple,0.333000252
701,COCO_train2014_000000572448.jpg,apple,0.527502115
702,COCO_train2014_000000572443.jpg,couch,0.237164273
703,COCO_train2014_000000572443.jpg,couch,0.009258117
704,COCO_train2014_000000572383.jpg,person,0.757823935
705,COCO_train2014_000000572383.jpg,person,0.479572253
706,COCO_train2014_000000572372.jpg,zebra,0
707,COCO_train2014_000000572372.jpg,zebra,0.173425279
708,COCO_train2014_000000572354.jpg,person,0
709,COCO_train2014_000000572354.jpg,person,0
710,COCO_train2014_000000572353.jpg,horse,0.101082803
711,COCO_train2014_000000572353.jpg,horse,0.132836343
712,COCO_train2014_000000572307.jpg,bowl,0.270845351
713,COCO_train2014_000000572282.jpg,person,0.242287116
714,COCO_train2014_000000572282.jpg,person,0.350815498
715,COCO_train2014_000000572252.jpg,person,0.063206905
716,COCO_train2014_000000572252.jpg,person,0.654968298
717,COCO_train2014_000000572250.jpg,giraffe,0.282032933
718,COCO_train2014_000000572250.jpg,giraffe,0.501026544
719,COCO_train2014_000000572245.jpg,person,0
720,COCO_train2014_000000572245.jpg,person,0.733901063
721,COCO_train2014_000000572183.jpg,apple,0.124125389
722,COCO_train2014_000000572183.jpg,apple,0.318345678
723,COCO_train2014_000000572183.jpg,apple,0.038946526
724,COCO_train2014_000000572183.jpg,apple,0
725,COCO_train2014_000000572183.jpg,apple,0.178632945
726,COCO_train2014_000000572183.jpg,apple,0.491457285
727,COCO_train2014_000000572183.jpg,apple,0
728,COCO_train2014_000000572179.jpg,person,0
729,COCO_train2014_000000572179.jpg,person,0
730,COCO_train2014_000000572174.jpg,bed,0.371555408
731,COCO_train2014_000000572174.jpg,bed,0.362082713
732,COCO_train2014_000000572173.jpg,person,0.21487317
733,COCO_train2014_000000572173.jpg,person,0.599675733
734,COCO_train2014_000000572173.jpg,person,0.436225784
735,COCO_train2014_000000572145.jpg,person,0.320579271
736,COCO_train2014_000000572145.jpg,person,0.17263418
737,COCO_train2014_000000572145.jpg,person,0.11328805
738,COCO_train2014_000000572145.jpg,person,0.406611317
739,COCO_train2014_000000572145.jpg,person,0.229557633
740,COCO_train2014_000000572109.jpg,person,0.377428069
741,COCO_train2014_000000572109.jpg,person,0.473486465
742,COCO_train2014_000000572109.jpg,person,0.157865398
743,COCO_train2014_000000572108.jpg,person,0
744,COCO_train2014_000000572061.jpg,person,0.059203557
745,COCO_train2014_000000572061.jpg,person,0.409565932
746,COCO_train2014_000000572061.jpg,person,0.611246593
747,COCO_train2014_000000572016.jpg,person,0.603855716
748,COCO_train2014_000000572016.jpg,person,0.453920028
749,COCO_train2014_000000572001.jpg,person,0.315120666
750,COCO_train2014_000000572001.jpg,person,0.451309126
751,COCO_train2014_000000571906.jpg,person,0.890962118
752,COCO_train2014_000000571906.jpg,person,0.380055927
753,COCO_train2014_000000571885.jpg,bowl,0.581066626
754,COCO_train2014_000000571885.jpg,bowl,0.31787848
755,COCO_train2014_000000571885.jpg,bowl,0.860961156
756,COCO_train2014_000000571881.jpg,person,0.444553446
757,COCO_train2014_000000571881.jpg,person,0.20476074
758,COCO_train2014_000000571881.jpg,person,0.357671331
759,COCO_train2014_000000571881.jpg,person,0.222954926
760,COCO_train2014_000000571867.jpg,person,0.464709329
761,COCO_train2014_000000571867.jpg,person,0.706822053
762,COCO_train2014_000000571842.jpg,umbrella,0.864379207
763,COCO_train2014_000000571842.jpg,umbrella,0.915732021
764,COCO_train2014_000000571842.jpg,umbrella,0.747480654
765,COCO_train2014_000000571799.jpg,person,0.623585451
766,COCO_train2014_000000571799.jpg,person,0
767,COCO_train2014_000000571797.jpg,person,0.599925268
768,COCO_train2014_000000571797.jpg,person,0.563949883
769,COCO_train2014_000000571773.jpg,couch,0.487542635
770,COCO_train2014_000000571773.jpg,couch,0.471903583
771,COCO_train2014_000000571719.jpg,person,0
772,COCO_train2014_000000571719.jpg,person,0.153493869
773,COCO_train2014_000000571702.jpg,person,0.446780117
774,COCO_train2014_000000571702.jpg,person,0.28959251
775,COCO_train2014_000000571665.jpg,person,0.715155983
776,COCO_train2014_000000571665.jpg,person,0.207897175
777,COCO_train2014_000000571658.jpg,bus,0.063018646
778,COCO_train2014_000000571658.jpg,bus,0.52498178
783,COCO_train2014_000000571653.jpg,person,0.19656532
784,COCO_train2014_000000571653.jpg,person,0.753437656
785,COCO_train2014_000000571653.jpg,person,0.709048632
786,COCO_train2014_000000571644.jpg,chair,0.33755061
787,COCO_train2014_000000571644.jpg,chair,0.656128341
788,COCO_train2014_000000571603.jpg,person,0.436254289
789,COCO_train2014_000000571603.jpg,person,0.576503144
790,COCO_train2014_000000571575.jpg,person,0
791,COCO_train2014_000000571575.jpg,person,0.550846681
792,COCO_train2014_000000571554.jpg,backpack,0.293826149
793,COCO_train2014_000000571554.jpg,person,0.538492378
794,COCO_train2014_000000571554.jpg,person,0.81984094
795,COCO_train2014_000000571516.jpg,person,0.323173615
796,COCO_train2014_000000571516.jpg,person,0.124347979
797,COCO_train2014_000000571516.jpg,person,0.319052567
798,COCO_train2014_000000571498.jpg,giraffe,0.173656096
799,COCO_train2014_000000571498.jpg,giraffe,0.067815577
800,COCO_train2014_000000571498.jpg,giraffe,0.347115294
801,COCO_train2014_000000571451.jpg,sandwich,0.283459642
802,COCO_train2014_000000571451.jpg,sandwich,0.215212641
803,COCO_train2014_000000571407.jpg,person,0.259736735
804,COCO_train2014_000000571407.jpg,person,0.820477361
805,COCO_train2014_000000571407.jpg,person,0.462256014
806,COCO_train2014_000000571405.jpg,person,0.139098132
807,COCO_train2014_000000571405.jpg,person,0.213695542
808,COCO_train2014_000000571405.jpg,person,0.060278461
809,COCO_train2014_000000571405.jpg,person,0.597506181
810,COCO_train2014_000000571405.jpg,person,0.078960605
811,COCO_train2014_000000571392.jpg,person,0.142843114
812,COCO_train2014_000000571392.jpg,person,0.184839202
813,COCO_train2014_000000571366.jpg,chair,0
814,COCO_train2014_000000571366.jpg,chair,0
815,COCO_train2014_000000571355.jpg,cow,0.833755651
816,COCO_train2014_000000571355.jpg,cow,0
817,COCO_train2014_000000571351.jpg,person,0.163200382
818,COCO_train2014_000000571351.jpg,elephant,0.217574342
819,COCO_train2014_000000571351.jpg,elephant,0.342386769
820,COCO_train2014_000000571351.jpg,person,0.027285364
821,COCO_train2014_000000571311.jpg,person,0.229185491
822,COCO_train2014_000000571311.jpg,person,0.343887584
823,COCO_train2014_000000571249.jpg,cow,0
824,COCO_train2014_000000571249.jpg,cow,0.613978253
825,COCO_train2014_000000571246.jpg,person,0.418526013
826,COCO_train2014_000000571246.jpg,person,0.396066743
827,COCO_train2014_000000571157.jpg,bottle,0
828,COCO_train2014_000000571048.jpg,airplane,0.365921621
829,COCO_train2014_000000571048.jpg,airplane,0.575914041
830,COCO_train2014_000000570968.jpg,chair,0
831,COCO_train2014_000000570968.jpg,chair,0.804304731
832,COCO_train2014_000000570951.jpg,person,0.701368354
833,COCO_train2014_000000570951.jpg,person,0
834,COCO_train2014_000000570878.jpg,sheep,0.139134111
835,COCO_train2014_000000570878.jpg,sheep,0.04386306
836,COCO_train2014_000000570878.jpg,sheep,0.346493172
837,COCO_train2014_000000570878.jpg,sheep,0.106033363
838,COCO_train2014_000000570852.jpg,airplane,0.493430323
839,COCO_train2014_000000570852.jpg,airplane,0.321548047
840,COCO_train2014_000000570836.jpg,vase,0.125267913
841,COCO_train2014_000000570836.jpg,potted plant,0.317414941
842,COCO_train2014_000000570836.jpg,potted plant,0.975172757
843,COCO_train2014_000000570836.jpg,vase,0.315787847
844,COCO_train2014_000000570786.jpg,person,0.095742187
845,COCO_train2014_000000570786.jpg,person,0.188522293
846,COCO_train2014_000000570786.jpg,person,0.198472242
847,COCO_train2014_000000570768.jpg,person,0.457185774
848,COCO_train2014_000000570768.jpg,person,0.684428955
849,COCO_train2014_000000570741.jpg,person,0.673549785
850,COCO_train2014_000000570741.jpg,person,0.495550482
851,COCO_train2014_000000570738.jpg,person,0.808893909
852,COCO_train2014_000000570738.jpg,person,0.773193065
853,COCO_train2014_000000570656.jpg,person,0.310962463
854,COCO_train2014_000000570656.jpg,person,0.513813218
855,COCO_train2014_000000570568.jpg,person,0.943784734
856,COCO_train2014_000000570568.jpg,person,0.522814574
857,COCO_train2014_000000570543.jpg,boat,0.328694033
858,COCO_train2014_000000570542.jpg,person,0.080428209
859,COCO_train2014_000000570542.jpg,person,0.128684899
860,COCO_train2014_000000570538.jpg,person,0.906313716
861,COCO_train2014_000000570538.jpg,person,0.272103596
862,COCO_train2014_000000570522.jpg,person,0.619873007
863,COCO_train2014_000000570522.jpg,person,0.60579486
864,COCO_train2014_000000570474.jpg,person,0.407745401
865,COCO_train2014_000000570474.jpg,person,0.714611387
866,COCO_train2014_000000570457.jpg,person,0.754125696
867,COCO_train2014_000000570457.jpg,person,0.629879396
868,COCO_train2014_000000570452.jpg,cow,0.522111959
869,COCO_train2014_000000570452.jpg,cow,0.594882665
870,COCO_train2014_000000570436.jpg,person,0.813519039
871,COCO_train2014_000000570436.jpg,person,0
872,COCO_train2014_000000570385.jpg,person,0.220058322
873,COCO_train2014_000000570385.jpg,person,0.434817193
874,COCO_train2014_000000570346.jpg,elephant,0.494771383
875,COCO_train2014_000000570346.jpg,elephant,0.842174452
876,COCO_train2014_000000570333.jpg,book,0.40307543
877,COCO_train2014_000000570333.jpg,book,0.32553906
878,COCO_train2014_000000570285.jpg,person,0.152640779
879,COCO_train2014_000000570285.jpg,person,0.305287905
880,COCO_train2014_000000570209.jpg,elephant,0.087041603
881,COCO_train2014_000000570209.jpg,elephant,0.981556495
882,COCO_train2014_000000570143.jpg,vase,0.136773372
883,COCO_train2014_000000570111.jpg,truck,0.490687566
884,COCO_train2014_000000570111.jpg,truck,0.538561472
885,COCO_train2014_000000570019.jpg,cup,0.368234358
886,COCO_train2014_000000570019.jpg,cup,0.252498296
887,COCO_train2014_000000569996.jpg,person,0.848645785
888,COCO_train2014_000000569996.jpg,person,0.900622766
889,COCO_train2014_000000569989.jpg,bowl,0
890,COCO_train2014_000000569989.jpg,bowl,0.551653329
891,COCO_train2014_000000569946.jpg,person,0.150760054
892,COCO_train2014_000000569946.jpg,person,0.155217433
893,COCO_train2014_000000569946.jpg,person,0
894,COCO_train2014_000000569946.jpg,person,0.161086139
895,COCO_train2014_000000569919.jpg,wine glass,0
896,COCO_train2014_000000569919.jpg,wine glass,0.193860608
897,COCO_train2014_000000569919.jpg,wine glass,0.344125115
898,COCO_train2014_000000569878.jpg,person,0.466166187
899,COCO_train2014_000000569878.jpg,person,0.029743204
900,COCO_train2014_000000569878.jpg,person,0.153685471
901,COCO_train2014_000000569867.jpg,person,0.301092946
902,COCO_train2014_000000569867.jpg,person,0.267611687
903,COCO_train2014_000000569851.jpg,apple,0.016719906
904,COCO_train2014_000000569851.jpg,apple,0.105916121
905,COCO_train2014_000000569838.jpg,zebra,0.438543651
906,COCO_train2014_000000569838.jpg,zebra,0.18698879
907,COCO_train2014_000000569838.jpg,zebra,0.109713234
908,COCO_train2014_000000569823.jpg,book,0.136062687
909,COCO_train2014_000000569823.jpg,book,0.102566062
910,COCO_train2014_000000569823.jpg,book,0.123038514
911,COCO_train2014_000000569823.jpg,book,0
912,COCO_train2014_000000569823.jpg,book,0
913,COCO_train2014_000000569816.jpg,person,0.521209085
914,COCO_train2014_000000569816.jpg,person,0.425008991
915,COCO_train2014_000000569795.jpg,person,0.336006733
916,COCO_train2014_000000569795.jpg,person,0.406759621
917,COCO_train2014_000000569774.jpg,person,0.722409482
918,COCO_train2014_000000569774.jpg,person,0.529337981
919,COCO_train2014_000000569769.jpg,cake,0.541505703
920,COCO_train2014_000000569769.jpg,cake,0.075843028
921,COCO_train2014_000000569769.jpg,cup,0.143548567
922,COCO_train2014_000000569769.jpg,cup,0.834563108
923,COCO_train2014_000000569742.jpg,person,0.262879123
924,COCO_train2014_000000569742.jpg,person,0.303259044
925,COCO_train2014_000000569742.jpg,person,0.315167725
926,COCO_train2014_000000569742.jpg,person,0
927,COCO_train2014_000000569725.jpg,chair,0.368023504
928,COCO_train2014_000000569725.jpg,chair,0.127589353
929,COCO_train2014_000000569667.jpg,hot dog,0.293230604
930,COCO_train2014_000000569667.jpg,hot dog,0.294302153
931,COCO_train2014_000000569667.jpg,hot dog,0.172714207
932,COCO_train2014_000000569667.jpg,hot dog,0.860578766
933,COCO_train2014_000000569667.jpg,hot dog,0.2943021528740571
934,COCO_train2014_000000569667.jpg,hot dog,0.16561445277925052
935,COCO_train2014_000000569667.jpg,hot dog,0.8992383495276137
936,COCO_train2014_000000569584.jpg,cake,0.4149292370778377
937,COCO_train2014_000000569584.jpg,cake,0.2075016174632462
938,COCO_train2014_000000569584.jpg,cake,0.3986490385902209
939,COCO_train2014_000000569582.jpg,elephant,0.0
940,COCO_train2014_000000569582.jpg,elephant,0.921541792069275
941,COCO_train2014_000000569561.jpg,person,0.5008800598243982
942,COCO_train2014_000000569561.jpg,person,0.624748389706642
943,COCO_train2014_000000569561.jpg,person,0.6097148497628926
944,COCO_train2014_000000569561.jpg,person,0.3482947141886862
945,COCO_train2014_000000569560.jpg,person,0.0
946,COCO_train2014_000000569560.jpg,person,0.0875321807278298
947,COCO_train2014_000000569560.jpg,person,0.09162871772410892
948,COCO_train2014_000000569533.jpg,person,0.33001508531916746
949,COCO_train2014_000000569533.jpg,person,0.804826071464949
950,COCO_train2014_000000569529.jpg,bench,0.0
951,COCO_train2014_000000569529.jpg,bench,0.0
952,COCO_train2014_000000569529.jpg,bench,0.11155413791703586
953,COCO_train2014_000000569525.jpg,cat,0.38032299021627197
954,COCO_train2014_000000569525.jpg,cat,0.5543642158170358
955,COCO_train2014_000000569492.jpg,person,0.04778076723596111
956,COCO_train2014_000000569492.jpg,person,0.19590427827010518
957,COCO_train2014_000000569492.jpg,person,0.3436856740371148
958,COCO_train2014_000000569401.jpg,person,0.8147074476089031
959,COCO_train2014_000000569401.jpg,person,0.5812836698657525
960,COCO_train2014_000000569363.jpg,person,0.3306371348424489
961,COCO_train2014_000000569363.jpg,person,0.643169485342123
962,COCO_train2014_000000569363.jpg,person,0.22933570125580743
963,COCO_train2014_000000569353.jpg,chair,0.10919177047533339
964,COCO_train2014_000000569349.jpg,bench,0.0
965,COCO_train2014_000000569349.jpg,bench,0.9350201447848926
966,COCO_train2014_000000569347.jpg,person,0.06893435795015991
967,COCO_train2014_000000569347.jpg,person,0.03410301223423085
968,COCO_train2014_000000569347.jpg,person,0.0
969,COCO_train2014_000000569301.jpg,person,0.8845755505197648
970,COCO_train2014_000000569301.jpg,person,0.0
971,COCO_train2014_000000569301.jpg,person,0.5485799504150332
972,COCO_train2014_000000569298.jpg,person,0.0
973,COCO_train2014_000000569286.jpg,pizza,0.39023547863426894
974,COCO_train2014_000000569286.jpg,pizza,0.8822496844951925
975,COCO_train2014_000000569261.jpg,zebra,0.2550352858933513
976,COCO_train2014_000000569261.jpg,zebra,0.4468629608620324
977,COCO_train2014_000000569214.jpg,wine glass,0.13007731104660142
978,COCO_train2014_000000569214.jpg,wine glass,0.0
979,COCO_train2014_000000569214.jpg,wine glass,0.0
980,COCO_train2014_000000569214.jpg,wine glass,0.11830622392829122
981,COCO_train2014_000000569174.jpg,person,0.22797284342844293
982,COCO_train2014_000000569174.jpg,person,0.2401235367286432
983,COCO_train2014_000000569174.jpg,person,0.6977384862063748
984,COCO_train2014_000000569069.jpg,person,0.0
985,COCO_train2014_000000569069.jpg,person,0.6421083990359082
986,COCO_train2014_000000569069.jpg,person,0.3144548232832993
987,COCO_train2014_000000569046.jpg,person,0.6365686267568593
988,COCO_train2014_000000569046.jpg,person,0.42815694310804325
989,COCO_train2014_000000569046.jpg,person,0.2817429564260894
990,COCO_train2014_000000568963.jpg,sandwich,0.16741692176876058
991,COCO_train2014_000000568963.jpg,sandwich,0.44080221186663165
992,COCO_train2014_000000568880.jpg,person,0.519792190622653
993,COCO_train2014_000000568880.jpg,person,0.11189569241930085
994,COCO_train2014_000000568851.jpg,pizza,0.16894678445192482
995,COCO_train2014_000000568851.jpg,pizza,0.04264084372193801
996,COCO_train2014_000000568848.jpg,sandwich,0.0
997,COCO_train2014_000000568848.jpg,sandwich,0.6203135832387215
998,COCO_train2014_000000568840.jpg,donut,0.0
999,COCO_train2014_000000568840.jpg,donut,0.9619997323793263
1000,COCO_train2014_000000568840.jpg,cup,0.011279937718168731
1001,COCO_train2014_000000568840.jpg,cup,0.28357365618536906
1002,COCO_train2014_000000568810.jpg,person,0.10357511830739784
1003,COCO_train2014_000000568810.jpg,person,0.15098851523352336
1004,COCO_train2014_000000568810.jpg,person,0.0
1005,COCO_train2014_000000568810.jpg,person,0.052685189632639275
1006,COCO_train2014_000000568810.jpg,person,0.0
1007,COCO_train2014_000000568788.jpg,dog,0.10714794540193104
1008,COCO_train2014_000000568788.jpg,dog,0.1066988881313298
1009,COCO_train2014_000000568731.jpg,sandwich,0.37906043194125344
1010,COCO_train2014_000000568731.jpg,sandwich,0.43234598963337306
1011,COCO_train2014_000000568725.jpg,car,0.8906854076438269
1012,COCO_train2014_000000568725.jpg,car,0.4561579992831269
1013,COCO_train2014_000000568677.jpg,person,0.2793639844466801
1014,COCO_train2014_000000568677.jpg,person,0.18682765503428914
1015,COCO_train2014_000000568677.jpg,person,0.13343913934426227
1016,COCO_train2014_000000568677.jpg,person,0.2502365941619975
1017,COCO_train2014_000000568640.jpg,person,0.6526506348018263
1018,COCO_train2014_000000568597.jpg,person,0.37356242978879123
1019,COCO_train2014_000000568597.jpg,person,0.33776526040344956
1020,COCO_train2014_000000568562.jpg,zebra,0.6440291377499421
1021,COCO_train2014_000000568562.jpg,zebra,0.5029932079504477
1022,COCO_train2014_000000568557.jpg,person,0.9388938446602225
1023,COCO_train2014_000000568557.jpg,person,0.6180582747631802
1024,COCO_train2014_000000568531.jpg,elephant,0.25423193969611
1025,COCO_train2014_000000568531.jpg,elephant,0.3797332859613785
1026,COCO_train2014_000000568492.jpg,person,0.577667127980783
1027,COCO_train2014_000000568492.jpg,person,0.5889822709198393
1028,COCO_train2014_000000568448.jpg,sheep,0.0
1029,COCO_train2014_000000568448.jpg,sheep,0.0
1030,COCO_train2014_000000568403.jpg,person,0.0
1031,COCO_train2014_000000568403.jpg,person,0.890607605847731
1032,COCO_train2014_000000568389.jpg,person,0.0
1033,COCO_train2014_000000568389.jpg,person,0.7609448339268614
1034,COCO_train2014_000000568369.jpg,person,0.0
1035,COCO_train2014_000000568369.jpg,person,0.7121561613630334
1036,COCO_train2014_000000568369.jpg,person,0.5285510320223744
1037,COCO_train2014_000000568311.jpg,bus,0.1314497071658223
