0,COCO_train2014_000000581857.jpg,person,0.34083134
1,COCO_train2014_000000581857.jpg,person,0.213358959
2,COCO_train2014_000000581839.jpg,person,0.142315991
3,COCO_train2014_000000581839.jpg,person,0.511436662
4,COCO_train2014_000000581789.jpg,person,0.697418904
5,COCO_train2014_000000581789.jpg,person,0.811595818
6,COCO_train2014_000000581766.jpg,toilet,0.607541828
7,COCO_train2014_000000581766.jpg,toilet,0
8,COCO_train2014_000000581739.jpg,vase,0.244127965
9,COCO_train2014_000000581739.jpg,vase,0.325350138
10,COCO_train2014_000000581739.jpg,vase,0.238814994
11,COCO_train2014_000000581738.jpg,bus,0.411775825
12,COCO_train2014_000000581738.jpg,bus,0.765514162
16,COCO_train2014_000000581686.jpg,bird,0.571761447
17,COCO_train2014_000000581686.jpg,bird,0.233991145
18,COCO_train2014_000000581657.jpg,laptop,0
19,COCO_train2014_000000581657.jpg,laptop,0.468950447
20,COCO_train2014_000000581657.jpg,person,0
21,COCO_train2014_000000581657.jpg,person,0
22,COCO_train2014_000000581629.jpg,person,0.256685835
23,COCO_train2014_000000581629.jpg,person,0.154228149
24,COCO_train2014_000000581629.jpg,person,0.528586427
25,COCO_train2014_000000581481.jpg,sandwich,0.341421638
26,COCO_train2014_000000581481.jpg,sandwich,0.227966188
27,COCO_train2014_000000581466.jpg,cow,0.092350018
28,COCO_train2014_000000581466.jpg,cow,0.327408398
29,COCO_train2014_000000581466.jpg,cow,0.496924871
30,COCO_train2014_000000581446.jpg,person,0.300295227
31,COCO_train2014_000000581446.jpg,person,0.503497319
32,COCO_train2014_000000581425.jpg,person,0.57903824
33,COCO_train2014_000000581425.jpg,person,0.20418648
34,COCO_train2014_000000581425.jpg,person,0
35,COCO_train2014_000000581419.jpg,clock,0.032877535
36,COCO_train2014_000000581419.jpg,clock,0.200907316
37,COCO_train2014_000000581419.jpg,clock,0.31811816
38,COCO_train2014_000000581419.jpg,clock,0.32094759
39,COCO_train2014_000000581354.jpg,horse,0.193262217
40,COCO_train2014_000000581354.jpg,horse,0.517543985
41,COCO_train2014_000000581258.jpg,person,0.468986069
42,COCO_train2014_000000581249.jpg,cat,0.65818138
43,COCO_train2014_000000581249.jpg,cat,0.808765181
44,COCO_train2014_000000581227.jpg,person,0
45,COCO_train2014_000000581227.jpg,person,0.360690389
46,COCO_train2014_000000581199.jpg,pizza,0.609386389
47,COCO_train2014_000000581199.jpg,pizza,0
48,COCO_train2014_000000581199.jpg,person,0.355615414
49,COCO_train2014_000000581199.jpg,person,0.516685548
50,COCO_train2014_000000581198.jpg,person,0.025789401
51,COCO_train2014_000000581198.jpg,person,0.334752818
52,COCO_train2014_000000581198.jpg,person,0.251737239
53,COCO_train2014_000000581198.jpg,person,0
54,COCO_train2014_000000581196.jpg,train,0.300826898
55,COCO_train2014_000000581136.jpg,chair,0
56,COCO_train2014_000000581136.jpg,couch,0.034661193
57,COCO_train2014_000000581136.jpg,couch,0
58,COCO_train2014_000000581136.jpg,couch,0.454396883
59,COCO_train2014_000000581136.jpg,chair,0.326325905
60,COCO_train2014_000000581108.jpg,motorcycle,0.354489301
61,COCO_train2014_000000581057.jpg,motorcycle,0.666774437
62,COCO_train2014_000000581057.jpg,motorcycle,0.15385344
63,COCO_train2014_000000581057.jpg,motorcycle,0.235183953
64,COCO_train2014_000000581021.jpg,zebra,0
65,COCO_train2014_000000581021.jpg,zebra,0
66,COCO_train2014_000000581009.jpg,person,0.247699853
67,COCO_train2014_000000581009.jpg,person,0.344909599
68,COCO_train2014_000000580945.jpg,person,0.871510762
69,COCO_train2014_000000580945.jpg,person,0.393341185
70,COCO_train2014_000000580945.jpg,person,0.494885634
71,COCO_train2014_000000580919.jpg,person,0.323353576
72,COCO_train2014_000000580913.jpg,pizza,0.03975702
73,COCO_train2014_000000580913.jpg,pizza,0.644235297
74,COCO_train2014_000000580851.jpg,toothbrush,0.475158296
75,COCO_train2014_000000580851.jpg,toothbrush,0.297072373
76,COCO_train2014_000000580851.jpg,toothbrush,0.261214422
77,COCO_train2014_000000580851.jpg,toothbrush,0.762361088
78,COCO_train2014_000000580849.jpg,person,0.02290608
79,COCO_train2014_000000580849.jpg,person,0.1215454
80,COCO_train2014_000000580849.jpg,person,0
81,COCO_train2014_000000580849.jpg,person,0.101832272
82,COCO_train2014_000000580849.jpg,person,0.329625673
83,COCO_train2014_000000580843.jpg,chair,0.432905962
84,COCO_train2014_000000580843.jpg,chair,0
85,COCO_train2014_000000580837.jpg,person,0
86,COCO_train2014_000000580837.jpg,person,0.091997556
87,COCO_train2014_000000580837.jpg,person,0.354555151
88,COCO_train2014_000000580741.jpg,couch,0
89,COCO_train2014_000000580741.jpg,couch,0
90,COCO_train2014_000000580718.jpg,broccoli,0.249792767
91,COCO_train2014_000000580718.jpg,broccoli,0.731578546
92,COCO_train2014_000000580695.jpg,person,0.540720753
93,COCO_train2014_000000580695.jpg,person,0.671492325
94,COCO_train2014_000000580631.jpg,cake,0.122759927
95,COCO_train2014_000000580631.jpg,cake,0.22322599
96,COCO_train2014_000000580625.jpg,couch,0.108435768
97,COCO_train2014_000000580625.jpg,couch,0.537564127
98,COCO_train2014_000000580609.jpg,person,0.320339074
99,COCO_train2014_000000580609.jpg,person,0.5775674
100,COCO_train2014_000000580609.jpg,person,0.198380381
101,COCO_train2014_000000580609.jpg,person,0.472061991
102,COCO_train2014_000000580600.jpg,donut,0.066277195
103,COCO_train2014_000000580600.jpg,donut,0.232727766
104,COCO_train2014_000000580600.jpg,donut,0.079294716
105,COCO_train2014_000000580600.jpg,donut,0.118818191
106,COCO_train2014_000000580600.jpg,donut,0.280750169
107,COCO_train2014_000000580600.jpg,donut,0.121340935
108,COCO_train2014_000000580600.jpg,donut,0.769012921
109,COCO_train2014_000000580579.jpg,donut,0.95949011
110,COCO_train2014_000000580579.jpg,donut,0.278704853
111,COCO_train2014_000000580562.jpg,truck,0.258115873
112,COCO_train2014_000000580562.jpg,truck,0.668646878
113,COCO_train2014_000000580549.jpg,bus,0.050151763
114,COCO_train2014_000000580549.jpg,bus,0.766147591
115,COCO_train2014_000000580541.jpg,spoon,0
116,COCO_train2014_000000580541.jpg,spoon,0.576847226
117,COCO_train2014_000000580523.jpg,person,0.88066272
118,COCO_train2014_000000580523.jpg,person,0.266898426
119,COCO_train2014_000000580510.jpg,giraffe,0.377156959
120,COCO_train2014_000000580510.jpg,giraffe,0.178183004
121,COCO_train2014_000000580505.jpg,person,0.779520518
122,COCO_train2014_000000580505.jpg,person,0.598974992
123,COCO_train2014_000000580505.jpg,person,0.466308842
124,COCO_train2014_000000580434.jpg,person,0.221698131
125,COCO_train2014_000000580434.jpg,person,0.31219145
126,COCO_train2014_000000580434.jpg,person,0.413254922
127,COCO_train2014_000000580408.jpg,person,0.358406317
128,COCO_train2014_000000580408.jpg,person,0.691040323
129,COCO_train2014_000000580396.jpg,person,0.196314113
130,COCO_train2014_000000580396.jpg,person,0.080688625
131,COCO_train2014_000000580396.jpg,person,0.454285749
132,COCO_train2014_000000580344.jpg,person,0.21205203
133,COCO_train2014_000000580344.jpg,cup,0.174918987
134,COCO_train2014_000000580344.jpg,cup,0.128367533
135,COCO_train2014_000000580344.jpg,person,0.403522371
136,COCO_train2014_000000580296.jpg,bear,0.43957631
137,COCO_train2014_000000580296.jpg,bear,0.387931691
138,COCO_train2014_000000580277.jpg,person,0
139,COCO_train2014_000000580277.jpg,person,0.527239885
140,COCO_train2014_000000580277.jpg,person,0
141,COCO_train2014_000000580277.jpg,person,0.378055842
142,COCO_train2014_000000580257.jpg,person,0.331115135
143,COCO_train2014_000000580257.jpg,person,0.484017346
144,COCO_train2014_000000580234.jpg,couch,0.617119999
145,COCO_train2014_000000580234.jpg,couch,0.154028586
146,COCO_train2014_000000580142.jpg,traffic light,0.801298685
147,COCO_train2014_000000580142.jpg,traffic light,0.839519062
148,COCO_train2014_000000580120.jpg,person,0.311233272
149,COCO_train2014_000000580120.jpg,person,0.227571832
150,COCO_train2014_000000580052.jpg,person,0.6053478
151,COCO_train2014_000000580052.jpg,person,0.242270925
152,COCO_train2014_000000580026.jpg,person,0.671263618
153,COCO_train2014_000000580026.jpg,person,0.22299837
154,COCO_train2014_000000579997.jpg,person,0
155,COCO_train2014_000000579997.jpg,person,0
156,COCO_train2014_000000579997.jpg,person,0.533322165
157,COCO_train2014_000000579909.jpg,refrigerator,0.119239926
158,COCO_train2014_000000579909.jpg,refrigerator,0.867627292
159,COCO_train2014_000000579907.jpg,couch,0.458537919
160,COCO_train2014_000000579901.jpg,person,0.210573051
161,COCO_train2014_000000579901.jpg,person,0.1168603
162,COCO_train2014_000000579901.jpg,person,0.529390593
163,COCO_train2014_000000579787.jpg,cow,0
164,COCO_train2014_000000579787.jpg,cow,0.564155558
165,COCO_train2014_000000579787.jpg,cow,0.537033993
166,COCO_train2014_000000579785.jpg,person,0.620163259
167,COCO_train2014_000000579785.jpg,person,0.163926627
168,COCO_train2014_000000579785.jpg,person,0.398900157
169,COCO_train2014_000000579680.jpg,person,0.185056443
170,COCO_train2014_000000579680.jpg,person,0.313286006
171,COCO_train2014_000000579663.jpg,person,0.066941861
172,COCO_train2014_000000579663.jpg,person,0.147289322
173,COCO_train2014_000000579663.jpg,person,0.860471387
174,COCO_train2014_000000579663.jpg,person,0.12881612
175,COCO_train2014_000000579663.jpg,person,0
176,COCO_train2014_000000579632.jpg,sandwich,0.125868115
177,COCO_train2014_000000579632.jpg,sandwich,0.207081152
178,COCO_train2014_000000579631.jpg,broccoli,0.445202364
179,COCO_train2014_000000579631.jpg,broccoli,0
180,COCO_train2014_000000579571.jpg,person,0.277523698
181,COCO_train2014_000000579571.jpg,person,0.405782872
182,COCO_train2014_000000579533.jpg,person,0.111981979
183,COCO_train2014_000000579533.jpg,person,0.623640241
184,COCO_train2014_000000579533.jpg,person,0.346417691
185,COCO_train2014_000000579446.jpg,chair,0.277445756
186,COCO_train2014_000000579395.jpg,person,0.279543834
187,COCO_train2014_000000579395.jpg,person,0.337235791
188,COCO_train2014_000000579382.jpg,motorcycle,0.08569168
189,COCO_train2014_000000579382.jpg,motorcycle,0.154042707
190,COCO_train2014_000000579366.jpg,elephant,0.337076556
191,COCO_train2014_000000579366.jpg,elephant,0
192,COCO_train2014_000000579332.jpg,person,0.335426748
193,COCO_train2014_000000579332.jpg,person,0.143595658
194,COCO_train2014_000000579332.jpg,person,0.170857116
195,COCO_train2014_000000579332.jpg,person,0.19417941
196,COCO_train2014_000000579329.jpg,dining table,0.268944386
197,COCO_train2014_000000579329.jpg,dining table,0.206897582
198,COCO_train2014_000000579329.jpg,person,0
199,COCO_train2014_000000579329.jpg,person,0.388078221
200,COCO_train2014_000000579329.jpg,dining table,0.403121179
201,COCO_train2014_000000579255.jpg,couch,0
202,COCO_train2014_000000579255.jpg,chair,0
203,COCO_train2014_000000579255.jpg,chair,0
204,COCO_train2014_000000579215.jpg,chair,0.155185284
205,COCO_train2014_000000579215.jpg,chair,0.035455862
206,COCO_train2014_000000579206.jpg,kite,0.423805198
207,COCO_train2014_000000579206.jpg,kite,0.887053192
208,COCO_train2014_000000579186.jpg,couch,0.077324125
209,COCO_train2014_000000579186.jpg,couch,0.825758664
210,COCO_train2014_000000579179.jpg,person,0.137563047
211,COCO_train2014_000000579179.jpg,person,0.037670357
212,COCO_train2014_000000579179.jpg,person,0.241113611
213,COCO_train2014_000000579179.jpg,person,0.693507197
214,COCO_train2014_000000579165.jpg,bowl,0.163431288
215,COCO_train2014_000000579165.jpg,bowl,0.582460619
216,COCO_train2014_000000579156.jpg,cow,0.528130135
217,COCO_train2014_000000579156.jpg,cow,0.049575998
218,COCO_train2014_000000579145.jpg,person,0.40416803
219,COCO_train2014_000000579145.jpg,person,0.591338915
222,COCO_train2014_000000579136.jpg,person,0.382472955
223,COCO_train2014_000000579136.jpg,person,0.76422152
224,COCO_train2014_000000579051.jpg,person,0.540630551
225,COCO_train2014_000000579051.jpg,person,0.674830905
226,COCO_train2014_000000578950.jpg,banana,0.249413023
227,COCO_train2014_000000578950.jpg,banana,0
228,COCO_train2014_000000578950.jpg,banana,0.121115833
229,COCO_train2014_000000578924.jpg,bed,0.17765687
230,COCO_train2014_000000578924.jpg,bed,0.354592903
231,COCO_train2014_000000578884.jpg,bus,0.378543887
232,COCO_train2014_000000578884.jpg,bus,0.116258345
233,COCO_train2014_000000578875.jpg,giraffe,0.496380721
234,COCO_train2014_000000578875.jpg,giraffe,0.894597197
235,COCO_train2014_000000578841.jpg,person,0.122914916
236,COCO_train2014_000000578841.jpg,person,0.192609002
237,COCO_train2014_000000578766.jpg,person,0.334873762
238,COCO_train2014_000000578766.jpg,person,0.113233367
239,COCO_train2014_000000578766.jpg,person,0.663404866
240,COCO_train2014_000000578718.jpg,person,0
241,COCO_train2014_000000578718.jpg,person,0.163386982
242,COCO_train2014_000000578718.jpg,person,0.650697419
243,COCO_train2014_000000578718.jpg,person,0.508259681
244,COCO_train2014_000000578702.jpg,broccoli,0.31750234
245,COCO_train2014_000000578702.jpg,broccoli,0.234627184
246,COCO_train2014_000000578652.jpg,banana,0.136857593
247,COCO_train2014_000000578649.jpg,sheep,0.239332958
248,COCO_train2014_000000578626.jpg,person,0.460489211
249,COCO_train2014_000000578626.jpg,person,0.223029687
250,COCO_train2014_000000578567.jpg,person,0.085726188
251,COCO_train2014_000000578567.jpg,person,0.190073102
252,COCO_train2014_000000578523.jpg,person,0.64399428
253,COCO_train2014_000000578523.jpg,person,0.793099156
254,COCO_train2014_000000578521.jpg,person,0.354258112
255,COCO_train2014_000000578521.jpg,person,0.342438434
256,COCO_train2014_000000578519.jpg,person,0.300144704
257,COCO_train2014_000000578519.jpg,person,0.362480656
258,COCO_train2014_000000578519.jpg,sheep,0.460391918
259,COCO_train2014_000000578513.jpg,person,0.590981712
260,COCO_train2014_000000578513.jpg,person,0.277346826
261,COCO_train2014_000000578459.jpg,person,0.03563863
262,COCO_train2014_000000578459.jpg,person,0.296608032
263,COCO_train2014_000000578459.jpg,person,0.675179338
264,COCO_train2014_000000578459.jpg,person,0.28224294
265,COCO_train2014_000000578459.jpg,person,0
266,COCO_train2014_000000578459.jpg,person,0.480514569
267,COCO_train2014_000000578459.jpg,person,0.579903454
268,COCO_train2014_000000578375.jpg,bench,0
269,COCO_train2014_000000578375.jpg,bench,0
270,COCO_train2014_000000578369.jpg,person,0
271,COCO_train2014_000000578331.jpg,person,0.377661974
272,COCO_train2014_000000578331.jpg,person,0.454606271
273,COCO_train2014_000000578326.jpg,person,0.493803963
274,COCO_train2014_000000578326.jpg,person,0
277,COCO_train2014_000000578184.jpg,couch,0
278,COCO_train2014_000000578184.jpg,couch,0
279,COCO_train2014_000000578154.jpg,sheep,0.406652012
280,COCO_train2014_000000578154.jpg,sheep,0.212998601
281,COCO_train2014_000000578154.jpg,sheep,0.113861682
282,COCO_train2014_000000578128.jpg,person,0.185167917
283,COCO_train2014_000000578128.jpg,laptop,0.021399178
284,COCO_train2014_000000578128.jpg,laptop,0.228866561
285,COCO_train2014_000000578128.jpg,person,0.156096792
286,COCO_train2014_000000578128.jpg,person,0.014634892
287,COCO_train2014_000000578108.jpg,cat,0.105327369
288,COCO_train2014_000000578108.jpg,cat,0.875351931
289,COCO_train2014_000000578070.jpg,person,0.14084044
290,COCO_train2014_000000578070.jpg,person,0.24026026
291,COCO_train2014_000000578063.jpg,cake,0.098884783
292,COCO_train2014_000000578063.jpg,cake,0.098393694
293,COCO_train2014_000000578063.jpg,cake,0.172895169
294,COCO_train2014_000000578056.jpg,person,0.323767127
295,COCO_train2014_000000578056.jpg,person,0.463045893
296,COCO_train2014_000000578046.jpg,sandwich,0.556007999
297,COCO_train2014_000000578046.jpg,sandwich,0.403490914
298,COCO_train2014_000000578037.jpg,person,0.163709698
299,COCO_train2014_000000578037.jpg,person,0.201953677
300,COCO_train2014_000000578037.jpg,person,0.178209642
301,COCO_train2014_000000578009.jpg,suitcase,0.075142378
302,COCO_train2014_000000578009.jpg,suitcase,0.160234422
303,COCO_train2014_000000578009.jpg,suitcase,0
304,COCO_train2014_000000578009.jpg,suitcase,0.152629497
305,COCO_train2014_000000578009.jpg,suitcase,0.228456117
306,COCO_train2014_000000577953.jpg,person,0.596493813
307,COCO_train2014_000000577953.jpg,person,0.191507385
308,COCO_train2014_000000577948.jpg,broccoli,0.201581205
309,COCO_train2014_000000577907.jpg,person,0.19158997
310,COCO_train2014_000000577850.jpg,person,0.440216425
311,COCO_train2014_000000577850.jpg,dining table,0.359733081
312,COCO_train2014_000000577850.jpg,dining table,0.166492969
313,COCO_train2014_000000577850.jpg,person,0
314,COCO_train2014_000000577830.jpg,person,0.262910322
315,COCO_train2014_000000577830.jpg,person,0.330608598
316,COCO_train2014_000000577819.jpg,person,0.548632257
317,COCO_train2014_000000577819.jpg,person,0.903623809
318,COCO_train2014_000000577809.jpg,apple,0.875014684
319,COCO_train2014_000000577809.jpg,apple,0
320,COCO_train2014_000000577809.jpg,apple,0.742433714
321,COCO_train2014_000000577808.jpg,sandwich,0.461581737
322,COCO_train2014_000000577808.jpg,sandwich,0.635352862
323,COCO_train2014_000000577657.jpg,wine glass,0.161614582
324,COCO_train2014_000000577657.jpg,wine glass,0.367996393
325,COCO_train2014_000000577657.jpg,wine glass,0.264793725
326,COCO_train2014_000000577657.jpg,wine glass,0.301409916
327,COCO_train2014_000000577657.jpg,wine glass,0.198391649
328,COCO_train2014_000000577657.jpg,wine glass,0
329,COCO_train2014_000000577637.jpg,person,0.291309825
330,COCO_train2014_000000577637.jpg,person,0
331,COCO_train2014_000000577586.jpg,person,0.140540787
332,COCO_train2014_000000577586.jpg,person,0.375320096
333,COCO_train2014_000000577586.jpg,person,0.367588695
334,COCO_train2014_000000577556.jpg,person,0.720675602
335,COCO_train2014_000000577556.jpg,person,0.634453181
336,COCO_train2014_000000577455.jpg,bird,0.626736649
337,COCO_train2014_000000577455.jpg,bird,0.501640438
338,COCO_train2014_000000577455.jpg,bird,0.825356022
339,COCO_train2014_000000577455.jpg,bird,0.43256582
340,COCO_train2014_000000577447.jpg,orange,0.359388576
341,COCO_train2014_000000577447.jpg,orange,0.084737646
342,COCO_train2014_000000577421.jpg,horse,0.272976245
343,COCO_train2014_000000577421.jpg,horse,0
344,COCO_train2014_000000577416.jpg,person,0.391897558
345,COCO_train2014_000000577405.jpg,orange,0.055400389
346,COCO_train2014_000000577405.jpg,orange,0.002196149
347,COCO_train2014_000000577362.jpg,horse,0.203705454
348,COCO_train2014_000000577362.jpg,horse,0.091760186
349,COCO_train2014_000000577358.jpg,person,0.394020872
350,COCO_train2014_000000577343.jpg,bus,0.086551833
351,COCO_train2014_000000577343.jpg,bus,0.017232293
352,COCO_train2014_000000577343.jpg,car,0
353,COCO_train2014_000000577343.jpg,car,0.56343585
354,COCO_train2014_000000577333.jpg,teddy bear,0.530883316
355,COCO_train2014_000000577333.jpg,teddy bear,0.368234753
356,COCO_train2014_000000577333.jpg,teddy bear,0.169844478
357,COCO_train2014_000000577320.jpg,cat,0.05897798
358,COCO_train2014_000000577320.jpg,cat,0.030415288
359,COCO_train2014_000000577320.jpg,cat,0.151031194
360,COCO_train2014_000000577320.jpg,cat,0.266704835
361,COCO_train2014_000000577278.jpg,cup,0
362,COCO_train2014_000000577278.jpg,cup,0.077827683
363,COCO_train2014_000000577278.jpg,cup,0.255715861
364,COCO_train2014_000000577225.jpg,couch,0
365,COCO_train2014_000000577225.jpg,couch,0.20971047
366,COCO_train2014_000000577221.jpg,pizza,0.133329819
367,COCO_train2014_000000577221.jpg,pizza,0.683353647
368,COCO_train2014_000000577176.jpg,cake,0.92853369
369,COCO_train2014_000000577176.jpg,cake,0.285485457
370,COCO_train2014_000000577140.jpg,apple,0.279262366
371,COCO_train2014_000000577140.jpg,apple,0.28471667
372,COCO_train2014_000000577140.jpg,apple,0.188122368
373,COCO_train2014_000000577129.jpg,potted plant,0.1921937
374,COCO_train2014_000000577126.jpg,person,0.237462791
375,COCO_train2014_000000577126.jpg,person,0.515237715
376,COCO_train2014_000000577126.jpg,person,0.566205183
377,COCO_train2014_000000577087.jpg,cup,0.885929375
378,COCO_train2014_000000577087.jpg,cup,0.327216814
379,COCO_train2014_000000577083.jpg,person,0.262835993
380,COCO_train2014_000000577083.jpg,person,0.17025547
381,COCO_train2014_000000576994.jpg,couch,0.329419565
382,COCO_train2014_000000576994.jpg,couch,0.501103595
383,COCO_train2014_000000576973.jpg,person,0.775178045
384,COCO_train2014_000000576973.jpg,person,0
385,COCO_train2014_000000576973.jpg,person,0.147224892
386,COCO_train2014_000000576931.jpg,person,0.205171196
387,COCO_train2014_000000576931.jpg,person,0.272021803
388,COCO_train2014_000000576931.jpg,person,0.265090102
389,COCO_train2014_000000576931.jpg,person,0.107325518
390,COCO_train2014_000000576931.jpg,person,0.144250546
391,COCO_train2014_000000576902.jpg,giraffe,0.409033901
392,COCO_train2014_000000576902.jpg,giraffe,0.15426453
393,COCO_train2014_000000576895.jpg,person,0.202771098
394,COCO_train2014_000000576895.jpg,person,0.621306309
395,COCO_train2014_000000576895.jpg,person,0.091440916
396,COCO_train2014_000000576818.jpg,sandwich,0.380522289
397,COCO_train2014_000000576818.jpg,sandwich,0.663603541
398,COCO_train2014_000000576810.jpg,person,0.49221344
399,COCO_train2014_000000576810.jpg,person,0.218700825
400,COCO_train2014_000000576771.jpg,dining table,0.209525222
401,COCO_train2014_000000576771.jpg,sandwich,0.202679591
402,COCO_train2014_000000576771.jpg,sandwich,0.376037548
403,COCO_train2014_000000576736.jpg,vase,0.138725411
404,COCO_train2014_000000576736.jpg,vase,0
405,COCO_train2014_000000576736.jpg,vase,0.40255743
406,COCO_train2014_000000576736.jpg,vase,0.275112157
407,COCO_train2014_000000576732.jpg,sandwich,0.228605075
408,COCO_train2014_000000576732.jpg,sandwich,0.514587776
409,COCO_train2014_000000576702.jpg,person,0
410,COCO_train2014_000000576702.jpg,person,0.40425631
411,COCO_train2014_000000576702.jpg,person,0.142616647
412,COCO_train2014_000000576702.jpg,person,0.438070148
413,COCO_train2014_000000576702.jpg,bowl,0.078666409
414,COCO_train2014_000000576702.jpg,bowl,0.235725308
415,COCO_train2014_000000576689.jpg,person,0.137243078
416,COCO_train2014_000000576689.jpg,person,0.167826872
417,COCO_train2014_000000576598.jpg,elephant,0.460739031
418,COCO_train2014_000000576598.jpg,elephant,0.579238883
419,COCO_train2014_000000576543.jpg,train,0.114504935
420,COCO_train2014_000000576543.jpg,train,0.035006984
421,COCO_train2014_000000576526.jpg,person,0.464066485
422,COCO_train2014_000000576526.jpg,person,0.531239738
423,COCO_train2014_000000576500.jpg,person,0.235772706
424,COCO_train2014_000000576500.jpg,person,0.487175122
429,COCO_train2014_000000576457.jpg,microwave,0.965490769
430,COCO_train2014_000000576457.jpg,microwave,0.367255512
431,COCO_train2014_000000576457.jpg,person,0.598782241
432,COCO_train2014_000000576457.jpg,person,0
433,COCO_train2014_000000576430.jpg,donut,0.061954131
434,COCO_train2014_000000576430.jpg,donut,0.124283283
435,COCO_train2014_000000576430.jpg,donut,0.059092134
436,COCO_train2014_000000576430.jpg,donut,0.033425057
437,COCO_train2014_000000576430.jpg,donut,0.123022024
438,COCO_train2014_000000576430.jpg,donut,0.209844133
439,COCO_train2014_000000576430.jpg,donut,0.151754086
440,COCO_train2014_000000576389.jpg,wine glass,0.165093265
441,COCO_train2014_000000576389.jpg,wine glass,0.072295633
442,COCO_train2014_000000576389.jpg,wine glass,0.092507783
443,COCO_train2014_000000576389.jpg,wine glass,0.293620816
444,COCO_train2014_000000576290.jpg,giraffe,0
445,COCO_train2014_000000576290.jpg,giraffe,0.078138233
446,COCO_train2014_000000576290.jpg,giraffe,0
447,COCO_train2014_000000576290.jpg,giraffe,0.897719673
448,COCO_train2014_000000576262.jpg,suitcase,0.059666697
449,COCO_train2014_000000576262.jpg,suitcase,0.179351565
450,COCO_train2014_000000576262.jpg,suitcase,0.12099481
451,COCO_train2014_000000576262.jpg,suitcase,0.127583708
452,COCO_train2014_000000576225.jpg,person,0.7892134
453,COCO_train2014_000000576225.jpg,person,0.411973418
454,COCO_train2014_000000576212.jpg,keyboard,0.338849471
455,COCO_train2014_000000576212.jpg,keyboard,0.037207962
456,COCO_train2014_000000576187.jpg,motorcycle,0.342970386
457,COCO_train2014_000000576187.jpg,motorcycle,0
458,COCO_train2014_000000576157.jpg,elephant,0.243422812
459,COCO_train2014_000000576157.jpg,elephant,0.921137285
460,COCO_train2014_000000576157.jpg,elephant,0.410071574
461,COCO_train2014_000000576138.jpg,person,0
462,COCO_train2014_000000576138.jpg,person,0.242004216
463,COCO_train2014_000000576138.jpg,dining table,0.165266927
464,COCO_train2014_000000576138.jpg,person,0.488708848
465,COCO_train2014_000000576138.jpg,person,0
466,COCO_train2014_000000576128.jpg,elephant,0.26243902
467,COCO_train2014_000000576128.jpg,elephant,0.213226615
468,COCO_train2014_000000576098.jpg,person,0.164441328
469,COCO_train2014_000000576098.jpg,person,0.327129133
470,COCO_train2014_000000576040.jpg,tv,0.384663238
471,COCO_train2014_000000576040.jpg,tv,0.449993848
472,COCO_train2014_000000575961.jpg,chair,0.315320437
473,COCO_train2014_000000575961.jpg,chair,0.309763874
474,COCO_train2014_000000575955.jpg,person,0
475,COCO_train2014_000000575955.jpg,person,0
476,COCO_train2014_000000575955.jpg,person,0
477,COCO_train2014_000000575949.jpg,person,0
478,COCO_train2014_000000575949.jpg,kite,0
479,COCO_train2014_000000575949.jpg,person,0.205547906
480,COCO_train2014_000000575949.jpg,kite,0.608998798
484,COCO_train2014_000000575756.jpg,person,0.602462633
485,COCO_train2014_000000575756.jpg,person,0.57777936
486,COCO_train2014_000000575743.jpg,chair,0.167257522
487,COCO_train2014_000000575743.jpg,chair,0.631661726
488,COCO_train2014_000000575711.jpg,person,0.270675022
489,COCO_train2014_000000575711.jpg,person,0
490,COCO_train2014_000000575711.jpg,person,0
491,COCO_train2014_000000575704.jpg,elephant,0
492,COCO_train2014_000000575704.jpg,elephant,0.251083614
493,COCO_train2014_000000575704.jpg,elephant,0.376045626
494,COCO_train2014_000000575703.jpg,cow,0.345509799
495,COCO_train2014_000000575703.jpg,cow,0.11905542977405274
496,COCO_train2014_000000575703.jpg,cow,0.4178748703254684
497,COCO_train2014_000000575701.jpg,person,0.3496931501606333
498,COCO_train2014_000000575701.jpg,person,0.28537337151641706
499,COCO_train2014_000000575641.jpg,person,0.529394168499088
500,COCO_train2014_000000575641.jpg,person,0.48951923239196254
501,COCO_train2014_000000575627.jpg,person,0.26778176362311906
502,COCO_train2014_000000575627.jpg,person,0.20048492675249202
503,COCO_train2014_000000575627.jpg,person,0.1630007310663652
504,COCO_train2014_000000575627.jpg,person,0.07799048891727078
505,COCO_train2014_000000575627.jpg,person,0.23996995646689526
506,COCO_train2014_000000575594.jpg,teddy bear,0.4337428473448833
507,COCO_train2014_000000575594.jpg,teddy bear,0.0
508,COCO_train2014_000000575574.jpg,person,0.1532504931948594
509,COCO_train2014_000000575574.jpg,person,0.20022792124797173
510,COCO_train2014_000000575574.jpg,person,0.15608911017635257
511,COCO_train2014_000000575574.jpg,person,0.3294081129744043
512,COCO_train2014_000000575526.jpg,person,0.35002833672553907
513,COCO_train2014_000000575526.jpg,person,0.5266526182263762
514,COCO_train2014_000000575502.jpg,cake,0.1703484979757288
515,COCO_train2014_000000575502.jpg,cake,0.3248388132560466
516,COCO_train2014_000000575490.jpg,person,0.7521939736346517
517,COCO_train2014_000000575490.jpg,person,0.26258123483718754
518,COCO_train2014_000000575421.jpg,pizza,0.44807773037882637
519,COCO_train2014_000000575421.jpg,pizza,0.31562499234560143
520,COCO_train2014_000000575417.jpg,person,0.47815353226349466
521,COCO_train2014_000000575417.jpg,person,0.5706202062113054
522,COCO_train2014_000000575294.jpg,cow,0.938828418960262
523,COCO_train2014_000000575294.jpg,cow,0.7914881124441964
524,COCO_train2014_000000575284.jpg,person,0.7570528622215776
525,COCO_train2014_000000575284.jpg,person,0.0
526,COCO_train2014_000000575220.jpg,person,0.20221423261642632
527,COCO_train2014_000000575220.jpg,person,0.8044769532752163
528,COCO_train2014_000000575055.jpg,person,0.0
529,COCO_train2014_000000575055.jpg,person,0.6336262877363185
530,COCO_train2014_000000575055.jpg,person,0.4951510122547974
531,COCO_train2014_000000575049.jpg,person,0.06709005536945327
532,COCO_train2014_000000575049.jpg,person,0.7074068819583348
533,COCO_train2014_000000575049.jpg,person,0.4083927096502464
534,COCO_train2014_000000574983.jpg,zebra,0.6910404102546944
535,COCO_train2014_000000574957.jpg,person,0.31151721593459897
536,COCO_train2014_000000574957.jpg,person,0.4655214789128398
537,COCO_train2014_000000574857.jpg,person,0.17874021540015408
538,COCO_train2014_000000574857.jpg,person,0.3898735985916157
539,COCO_train2014_000000574857.jpg,person,0.18605649435401891
540,COCO_train2014_000000574829.jpg,refrigerator,0.5068078793443515
541,COCO_train2014_000000574829.jpg,refrigerator,0.6026416948722234
542,COCO_train2014_000000574747.jpg,elephant,0.281727052020367
543,COCO_train2014_000000574747.jpg,elephant,0.0
544,COCO_train2014_000000574747.jpg,elephant,0.010716457500407
545,COCO_train2014_000000574747.jpg,elephant,0.02531957663664138
546,COCO_train2014_000000574722.jpg,horse,0.09241525286394475
547,COCO_train2014_000000574722.jpg,horse,0.7579464218813898
548,COCO_train2014_000000574678.jpg,person,0.47937072734535946
549,COCO_train2014_000000574678.jpg,person,0.6657659773377321
550,COCO_train2014_000000574654.jpg,person,0.629298176327749
551,COCO_train2014_000000574654.jpg,person,0.8137651788987867
552,COCO_train2014_000000574645.jpg,person,0.1532264884882451
553,COCO_train2014_000000574645.jpg,person,0.3045892883324048
554,COCO_train2014_000000574605.jpg,person,0.2872173150105472
555,COCO_train2014_000000574605.jpg,person,0.22187564441297092
556,COCO_train2014_000000574599.jpg,sheep,0.2713134967635312
557,COCO_train2014_000000574599.jpg,sheep,0.0
558,COCO_train2014_000000574599.jpg,sheep,0.20048219478323862
559,COCO_train2014_000000574590.jpg,person,0.03417434294033502
560,COCO_train2014_000000574590.jpg,person,0.1326823379485911
561,COCO_train2014_000000574590.jpg,person,0.20763750000000003
562,COCO_train2014_000000574563.jpg,person,0.0
563,COCO_train2014_000000574563.jpg,person,0.3005732554137262
564,COCO_train2014_000000574562.jpg,car,0.09192124135891465
565,COCO_train2014_000000574562.jpg,car,0.0
566,COCO_train2014_000000574453.jpg,person,0.6496689799835519
567,COCO_train2014_000000574453.jpg,person,0.6492836497711585
568,COCO_train2014_000000574420.jpg,person,0.0
569,COCO_train2014_000000574420.jpg,person,0.45802022408836085
570,COCO_train2014_000000574384.jpg,giraffe,0.1758202216361048
571,COCO_train2014_000000574384.jpg,giraffe,0.14653694588847274
572,COCO_train2014_000000574384.jpg,giraffe,0.34495135336867033
573,COCO_train2014_000000574368.jpg,person,0.5294463372167794
574,COCO_train2014_000000574368.jpg,person,0.5937018294108141
575,COCO_train2014_000000574277.jpg,person,0.031476768465205904
576,COCO_train2014_000000574277.jpg,person,0.8556324570998376
577,COCO_train2014_000000574232.jpg,teddy bear,0.887608058999073
578,COCO_train2014_000000574232.jpg,teddy bear,0.0
579,COCO_train2014_000000574232.jpg,teddy bear,0.0
580,COCO_train2014_000000574217.jpg,person,0.0
581,COCO_train2014_000000574217.jpg,person,0.9340177592511753
582,COCO_train2014_000000574211.jpg,person,0.06616600383135703
583,COCO_train2014_000000574211.jpg,person,0.1615466264150943
584,COCO_train2014_000000574211.jpg,person,0.17816729559748432
585,COCO_train2014_000000574211.jpg,person,0.20256715384615387
586,COCO_train2014_000000574114.jpg,airplane,0.287623139064476
587,COCO_train2014_000000574114.jpg,airplane,0.5822310500765449
588,COCO_train2014_000000574106.jpg,horse,0.29131234433580067
589,COCO_train2014_000000574106.jpg,horse,0.5960810982575783
590,COCO_train2014_000000574076.jpg,person,0.0
591,COCO_train2014_000000574076.jpg,person,0.0
592,COCO_train2014_000000574049.jpg,cow,0.6530854570454502
593,COCO_train2014_000000574049.jpg,cow,0.34840910407339076
594,COCO_train2014_000000574049.jpg,cow,0.8937089801610829
595,COCO_train2014_000000573995.jpg,person,0.21627726692209445
596,COCO_train2014_000000573995.jpg,person,0.8104598814831537
597,COCO_train2014_000000573975.jpg,broccoli,0.09474960573690006
598,COCO_train2014_000000573975.jpg,broccoli,0.0
599,COCO_train2014_000000573975.jpg,broccoli,0.014826309074110805
600,COCO_train2014_000000573966.jpg,elephant,0.48246496695103364
601,COCO_train2014_000000573966.jpg,elephant,0.44013118510424876
602,COCO_train2014_000000573961.jpg,sheep,0.8479434264306028
603,COCO_train2014_000000573961.jpg,sheep,0.8362398636271118
604,COCO_train2014_000000573931.jpg,dining table,0.23069927722504519
605,COCO_train2014_000000573931.jpg,dining table,0.15703246140842075
606,COCO_train2014_000000573931.jpg,dining table,0.2324872413151438
607,COCO_train2014_000000573913.jpg,person,0.1959751146213877
608,COCO_train2014_000000573913.jpg,person,0.4147909300305856
609,COCO_train2014_000000573854.jpg,airplane,0.4447064573601361
610,COCO_train2014_000000573854.jpg,airplane,0.01889740994887383
611,COCO_train2014_000000573807.jpg,truck,0.18941790729391156
612,COCO_train2014_000000573807.jpg,truck,0.00147039777481686
613,COCO_train2014_000000573744.jpg,car,0.6641008614344655
614,COCO_train2014_000000573744.jpg,car,0.2862217013058453
615,COCO_train2014_000000573725.jpg,person,0.30493361436801086
616,COCO_train2014_000000573725.jpg,person,0.5805348873853959
617,COCO_train2014_000000573725.jpg,couch,0.15386307639132302
618,COCO_train2014_000000573725.jpg,couch,0.3294765909393962
619,COCO_train2014_000000573724.jpg,chair,0.0
620,COCO_train2014_000000573700.jpg,bus,0.12980852275336366
621,COCO_train2014_000000573700.jpg,bus,0.0
622,COCO_train2014_000000573700.jpg,bus,0.3573604073550612
623,COCO_train2014_000000573653.jpg,pizza,0.27608864958070234
624,COCO_train2014_000000573653.jpg,pizza,0.1146320360027925
625,COCO_train2014_000000573653.jpg,pizza,0.10791984009243814
626,COCO_train2014_000000573640.jpg,person,0.40776344642812223
627,COCO_train2014_000000573640.jpg,person,0.8255786364909993
628,COCO_train2014_000000573635.jpg,truck,0.18570987233107297
629,COCO_train2014_000000573635.jpg,truck,0.0
630,COCO_train2014_000000573611.jpg,person,0.8585484296385419
631,COCO_train2014_000000573611.jpg,person,0.438266620190729
632,COCO_train2014_000000573611.jpg,person,0.27451703475425115
633,COCO_train2014_000000573576.jpg,book,0.15444745520006528
637,COCO_train2014_000000573357.jpg,person,0.609202395026271
638,COCO_train2014_000000573357.jpg,person,0.7976126488414559
639,COCO_train2014_000000573287.jpg,person,0.2397449896833229
640,COCO_train2014_000000573287.jpg,person,0.5487184410611227
641,COCO_train2014_000000573287.jpg,person,0.1378451353599225
642,COCO_train2014_000000573287.jpg,couch,0.446181025869676
643,COCO_train2014_000000573287.jpg,couch,0.13071443017532663
644,COCO_train2014_000000573166.jpg,motorcycle,0.04789514001988689
645,COCO_train2014_000000573166.jpg,motorcycle,0.45728935290278333
646,COCO_train2014_000000573165.jpg,person,0.3660145230513831
647,COCO_train2014_000000573107.jpg,person,0.24600516451220497
648,COCO_train2014_000000573107.jpg,person,0.5376967201202423
649,COCO_train2014_000000573107.jpg,person,0.5672144868948404
650,COCO_train2014_000000573063.jpg,oven,0.6174104631244796
651,COCO_train2014_000000573063.jpg,oven,0.592423535221258
652,COCO_train2014_000000573018.jpg,person,0.6893486102937569
653,COCO_train2014_000000573018.jpg,person,0.62057152594222
654,COCO_train2014_000000572998.jpg,person,0.2977616858852241
655,COCO_train2014_000000572998.jpg,person,0.3444460812621026
656,COCO_train2014_000000572958.jpg,person,0.49375925768544127
657,COCO_train2014_000000572958.jpg,person,0.41066917367646844
658,COCO_train2014_000000572958.jpg,person,0.2762160350749367
659,COCO_train2014_000000572902.jpg,person,0.1378668720784622
660,COCO_train2014_000000572902.jpg,person,0.17724802241009374
661,COCO_train2014_000000572902.jpg,person,0.5399427345037634
662,COCO_train2014_000000572902.jpg,person,0.16722496065077966
663,COCO_train2014_000000572888.jpg,bowl,0.6030897892892174
664,COCO_train2014_000000572888.jpg,bowl,0.23278507330762951
665,COCO_train2014_000000572884.jpg,airplane,0.6492504730803689
666,COCO_train2014_000000572884.jpg,airplane,0.5572472511012361
667,COCO_train2014_000000572879.jpg,person,0.0
668,COCO_train2014_000000572879.jpg,person,0.44916341897233186
669,COCO_train2014_000000572840.jpg,train,0.0
670,COCO_train2014_000000572840.jpg,train,0.4508204294461672
671,COCO_train2014_000000572801.jpg,truck,0.5326109917410864
672,COCO_train2014_000000572801.jpg,truck,0.2066168793142258
673,COCO_train2014_000000572789.jpg,person,0.5628435202062045
674,COCO_train2014_000000572789.jpg,person,0.9846026325550904
675,COCO_train2014_000000572786.jpg,car,0.17294804123711344
676,COCO_train2014_000000572786.jpg,car,0.19202073725791088
677,COCO_train2014_000000572732.jpg,chair,0.6467949686797961
678,COCO_train2014_000000572732.jpg,chair,0.3550443018406671
679,COCO_train2014_000000572611.jpg,person,0.21949383662208813
680,COCO_train2014_000000572611.jpg,person,0.16559882811078352
681,COCO_train2014_000000572611.jpg,person,0.17688394501405102
682,COCO_train2014_000000572602.jpg,bowl,0.9280083023651378
683,COCO_train2014_000000572602.jpg,bowl,0.5829469496886404
684,COCO_train2014_000000572602.jpg,bowl,0.8076679358200336
685,COCO_train2014_000000572602.jpg,bowl,0.9788703533619295
686,COCO_train2014_000000572587.jpg,person,0.0
687,COCO_train2014_000000572587.jpg,person,0.3228246386916837
688,COCO_train2014_000000572587.jpg,person,0.4182379607887959
689,COCO_train2014_000000572586.jpg,person,0.0
690,COCO_train2014_000000572586.jpg,person,0.0
691,COCO_train2014_000000572550.jpg,person,0.12395938184793641
692,COCO_train2014_000000572550.jpg,person,0.3388684947134824
693,COCO_train2014_000000572550.jpg,person,0.12289528238246933
694,COCO_train2014_000000572529.jpg,person,0.0
695,COCO_train2014_000000572529.jpg,person,0.51691208797003
696,COCO_train2014_000000572508.jpg,person,0.4159762244050309
697,COCO_train2014_000000572508.jpg,person,0.7576712739208404
698,COCO_train2014_000000572474.jpg,donut,0.5550742233720187
699,COCO_train2014_000000572474.jpg,donut,0.04288155852093731
700,COCO_train2014_000000572467.jpg,person,0.42932710695470877
701,COCO_train2014_000000572467.jpg,person,0.9140513854592637
702,COCO_train2014_000000572448.jpg,apple,0.28108672994162176
703,COCO_train2014_000000572448.jpg,apple,0.26070509153519267
704,COCO_train2014_000000572443.jpg,couch,0.37380134402978993
705,COCO_train2014_000000572443.jpg,couch,0.0
706,COCO_train2014_000000572383.jpg,person,0.8033899659575916
707,COCO_train2014_000000572383.jpg,person,0.12215899173101478
708,COCO_train2014_000000572372.jpg,zebra,0.0
709,COCO_train2014_000000572372.jpg,zebra,0.8834272087530687
710,COCO_train2014_000000572354.jpg,person,0.17220005149698298
711,COCO_train2014_000000572354.jpg,person,0.0
712,COCO_train2014_000000572353.jpg,horse,0.4105783416985269
713,COCO_train2014_000000572353.jpg,horse,0.10368058797242641
714,COCO_train2014_000000572307.jpg,bowl,0.0
715,COCO_train2014_000000572307.jpg,bowl,0.30157323804896924
716,COCO_train2014_000000572282.jpg,person,0.2080235439276811
717,COCO_train2014_000000572282.jpg,person,0.0
718,COCO_train2014_000000572252.jpg,person,0.0
719,COCO_train2014_000000572252.jpg,person,0.9503021149035205
720,COCO_train2014_000000572250.jpg,giraffe,0.28913919477010563
721,COCO_train2014_000000572250.jpg,giraffe,0.2918451116657713
722,COCO_train2014_000000572245.jpg,person,0.14001785615086285
723,COCO_train2014_000000572245.jpg,person,0.9778019594109356
724,COCO_train2014_000000572183.jpg,apple,0.6475370047021148
725,COCO_train2014_000000572183.jpg,apple,0.17953590216421877
726,COCO_train2014_000000572183.jpg,apple,0.0
727,COCO_train2014_000000572183.jpg,apple,0.0
728,COCO_train2014_000000572183.jpg,apple,0.0
729,COCO_train2014_000000572183.jpg,apple,0.0930486608269662
730,COCO_train2014_000000572183.jpg,apple,0.0
731,COCO_train2014_000000572179.jpg,person,0.5576276382556334
732,COCO_train2014_000000572179.jpg,person,0.5847151932954853
733,COCO_train2014_000000572174.jpg,bed,0.5391260709499553
734,COCO_train2014_000000572174.jpg,bed,0.349676497516855
735,COCO_train2014_000000572173.jpg,person,0.0
736,COCO_train2014_000000572173.jpg,person,0.38253277369237415
737,COCO_train2014_000000572173.jpg,person,0.0
738,COCO_train2014_000000572145.jpg,person,0.7472848500692624
739,COCO_train2014_000000572145.jpg,person,0.17834737651631877
740,COCO_train2014_000000572145.jpg,person,0.09497575926367997
741,COCO_train2014_000000572145.jpg,person,0.3029788603941447
742,COCO_train2014_000000572145.jpg,person,0.2846583634417537
743,COCO_train2014_000000572109.jpg,person,0.20667502672650112
744,COCO_train2014_000000572109.jpg,person,0.1750351675977654
745,COCO_train2014_000000572109.jpg,person,0.15073957235059912
746,COCO_train2014_000000572108.jpg,person,0.0
747,COCO_train2014_000000572108.jpg,person,0.0
748,COCO_train2014_000000572108.jpg,person,0.0
749,COCO_train2014_000000572061.jpg,person,0.18037713479388628
750,COCO_train2014_000000572061.jpg,person,0.3294143721430727
751,COCO_train2014_000000572061.jpg,person,0.0989426557181222
752,COCO_train2014_000000572016.jpg,person,0.5103373111379705
753,COCO_train2014_000000572016.jpg,person,0.5972904262996818
754,COCO_train2014_000000572001.jpg,person,0.376875780993425
755,COCO_train2014_000000572001.jpg,person,0.45130912622140357
756,COCO_train2014_000000571906.jpg,person,0.30942364390221677
757,COCO_train2014_000000571906.jpg,person,0.424585637332541
758,COCO_train2014_000000571885.jpg,bowl,0.4746736369150008
759,COCO_train2014_000000571885.jpg,bowl,0.279463694238726
760,COCO_train2014_000000571885.jpg,bowl,0.501650263596191
761,COCO_train2014_000000571881.jpg,person,0.26778028266196097
762,COCO_train2014_000000571881.jpg,person,0.540922101310338
763,COCO_train2014_000000571881.jpg,person,0.10273345777536617
764,COCO_train2014_000000571881.jpg,person,0.23055866608589354
765,COCO_train2014_000000571867.jpg,person,0.14803989743380694
766,COCO_train2014_000000571867.jpg,person,0.2901888313780772
767,COCO_train2014_000000571842.jpg,umbrella,0.13595461107105664
768,COCO_train2014_000000571842.jpg,umbrella,0.46752901855242607
769,COCO_train2014_000000571842.jpg,umbrella,0.10577595733346694
770,COCO_train2014_000000571799.jpg,person,0.6235854509189973
771,COCO_train2014_000000571799.jpg,person,0.0
772,COCO_train2014_000000571797.jpg,person,0.49676334072686845
773,COCO_train2014_000000571797.jpg,person,0.9738451598564046
774,COCO_train2014_000000571773.jpg,couch,0.4875426350851222
775,COCO_train2014_000000571773.jpg,couch,0.4719035825314578
776,COCO_train2014_000000571719.jpg,person,0.0
777,COCO_train2014_000000571719.jpg,person,0.0754431255394312
778,COCO_train2014_000000571702.jpg,person,0.37600951932396975
779,COCO_train2014_000000571702.jpg,person,0.3763155901213431
780,COCO_train2014_000000571665.jpg,person,0.8325393695169737
781,COCO_train2014_000000571665.jpg,person,0.23186990478350986
782,COCO_train2014_000000571658.jpg,bus,0.0
783,COCO_train2014_000000571658.jpg,bus,0.4555420205219907
788,COCO_train2014_000000571653.jpg,person,0.18916686819709927
789,COCO_train2014_000000571653.jpg,person,0.14311090046845562
790,COCO_train2014_000000571653.jpg,person,0.7023075457550809
791,COCO_train2014_000000571644.jpg,chair,0.44609161928096475
792,COCO_train2014_000000571644.jpg,chair,0.1749661806127893
793,COCO_train2014_000000571603.jpg,person,0.4347258055599327
794,COCO_train2014_000000571603.jpg,person,0.666510551874376
795,COCO_train2014_000000571575.jpg,person,0.046940290008173464
796,COCO_train2014_000000571575.jpg,person,0.24851813951241464
797,COCO_train2014_000000571554.jpg,backpack,0.0
798,COCO_train2014_000000571554.jpg,person,0.041811307544789574
799,COCO_train2014_000000571554.jpg,person,0.25951746667842646
800,COCO_train2014_000000571516.jpg,person,0.3158334569875278
801,COCO_train2014_000000571516.jpg,person,0.5238098023712585
802,COCO_train2014_000000571516.jpg,person,0.6657554074926414
803,COCO_train2014_000000571498.jpg,giraffe,0.2658004777734109
804,COCO_train2014_000000571498.jpg,giraffe,0.0
805,COCO_train2014_000000571498.jpg,giraffe,0.24893037554912037
806,COCO_train2014_000000571451.jpg,sandwich,0.02566188883438012
807,COCO_train2014_000000571451.jpg,sandwich,0.04319195786479562
808,COCO_train2014_000000571407.jpg,person,0.24029599753780712
809,COCO_train2014_000000571407.jpg,person,0.7432730766155261
810,COCO_train2014_000000571407.jpg,person,0.28020876982252524
811,COCO_train2014_000000571405.jpg,person,0.3148397914952564
812,COCO_train2014_000000571405.jpg,person,0.04618064910058403
813,COCO_train2014_000000571405.jpg,person,0.2532718844053694
814,COCO_train2014_000000571405.jpg,person,0.4672990840798618
815,COCO_train2014_000000571405.jpg,person,0.28914687319727517
816,COCO_train2014_000000571392.jpg,person,0.09763562296858073
817,COCO_train2014_000000571392.jpg,person,0.1848392020740809
818,COCO_train2014_000000571366.jpg,chair,0.0
819,COCO_train2014_000000571366.jpg,chair,0.0
820,COCO_train2014_000000571355.jpg,cow,0.8337556512129943
821,COCO_train2014_000000571355.jpg,cow,0.0
822,COCO_train2014_000000571351.jpg,person,0.22087122065727705
823,COCO_train2014_000000571351.jpg,elephant,0.2440707487302343
824,COCO_train2014_000000571351.jpg,elephant,0.5744047915498266
825,COCO_train2014_000000571351.jpg,person,0.23113103427233936
826,COCO_train2014_000000571311.jpg,person,0.2545423218586202
827,COCO_train2014_000000571311.jpg,person,0.24840406455175085
828,COCO_train2014_000000571249.jpg,cow,0.0
829,COCO_train2014_000000571249.jpg,cow,0.5796760756641702
830,COCO_train2014_000000571246.jpg,person,0.45331703799296624
831,COCO_train2014_000000571246.jpg,person,0.3189845401668502
832,COCO_train2014_000000571157.jpg,bottle,0.0
833,COCO_train2014_000000571048.jpg,airplane,0.5421175017048967
834,COCO_train2014_000000571048.jpg,airplane,0.8617623019764814
835,COCO_train2014_000000570968.jpg,chair,0.0
836,COCO_train2014_000000570968.jpg,chair,0.8043047308297695
837,COCO_train2014_000000570951.jpg,person,0.8270167056951094
838,COCO_train2014_000000570951.jpg,person,0.0
839,COCO_train2014_000000570878.jpg,sheep,0.19159160013157503
840,COCO_train2014_000000570878.jpg,sheep,0.4060771417806146
841,COCO_train2014_000000570878.jpg,sheep,0.3333847432792082
842,COCO_train2014_000000570878.jpg,sheep,0.2100604463408164
843,COCO_train2014_000000570852.jpg,airplane,0.5247703165793404
844,COCO_train2014_000000570852.jpg,airplane,0.28964971139219403
845,COCO_train2014_000000570836.jpg,vase,0.15955405278859972
846,COCO_train2014_000000570836.jpg,potted plant,0.15033619271382181
847,COCO_train2014_000000570836.jpg,potted plant,0.4637023575081953
848,COCO_train2014_000000570836.jpg,vase,0.3157878468551795
849,COCO_train2014_000000570786.jpg,person,0.08870011737089199
850,COCO_train2014_000000570786.jpg,person,0.15857686876636234
851,COCO_train2014_000000570786.jpg,person,0.16504151527522623
852,COCO_train2014_000000570768.jpg,person,0.506421165162007
853,COCO_train2014_000000570768.jpg,person,0.684428955440877
854,COCO_train2014_000000570741.jpg,person,0.4469093306409269
855,COCO_train2014_000000570741.jpg,person,0.2712508885950475
856,COCO_train2014_000000570738.jpg,person,0.6268642194150137
857,COCO_train2014_000000570738.jpg,person,0.5680578634784085
858,COCO_train2014_000000570656.jpg,person,0.3624714938239405
859,COCO_train2014_000000570656.jpg,person,0.8728633409161248
860,COCO_train2014_000000570568.jpg,person,0.9173886542848231
861,COCO_train2014_000000570568.jpg,person,0.4483448696087677
862,COCO_train2014_000000570543.jpg,boat,0.31021316402891513
863,COCO_train2014_000000570542.jpg,person,0.10826874255982237
864,COCO_train2014_000000570542.jpg,person,0.22589182033753674
865,COCO_train2014_000000570538.jpg,person,0.923123528778913
866,COCO_train2014_000000570538.jpg,person,0.8532679326026333
867,COCO_train2014_000000570522.jpg,person,0.6081464075468064
868,COCO_train2014_000000570522.jpg,person,0.3110724435373554
869,COCO_train2014_000000570474.jpg,person,0.1683881551964564
870,COCO_train2014_000000570474.jpg,person,0.8541727718973434
871,COCO_train2014_000000570457.jpg,person,0.609438789277472
872,COCO_train2014_000000570457.jpg,person,0.6252171873810061
873,COCO_train2014_000000570452.jpg,cow,0.3685269851485442
874,COCO_train2014_000000570452.jpg,cow,0.3769339452579239
875,COCO_train2014_000000570436.jpg,person,0.0
876,COCO_train2014_000000570436.jpg,person,0.35280315155745234
877,COCO_train2014_000000570385.jpg,person,0.16905281876238706
878,COCO_train2014_000000570385.jpg,person,0.41271248530762744
879,COCO_train2014_000000570346.jpg,elephant,0.14060127913724182
880,COCO_train2014_000000570346.jpg,elephant,0.5202524496510996
881,COCO_train2014_000000570333.jpg,book,0.3667668319461404
882,COCO_train2014_000000570333.jpg,book,0.337397288951693
883,COCO_train2014_000000570285.jpg,person,0.37904698840132217
884,COCO_train2014_000000570285.jpg,person,0.26299991393917915
885,COCO_train2014_000000570209.jpg,elephant,0.2434049026676279
886,COCO_train2014_000000570209.jpg,elephant,0.33847573397440067
887,COCO_train2014_000000570143.jpg,vase,0.09622982895066803
888,COCO_train2014_000000570111.jpg,truck,0.9207622940191965
889,COCO_train2014_000000570111.jpg,truck,0.9634266324118776
890,COCO_train2014_000000570019.jpg,cup,0.08640455396012336
891,COCO_train2014_000000570019.jpg,cup,0.6513190117726853
892,COCO_train2014_000000569996.jpg,person,0.5810501393263706
893,COCO_train2014_000000569996.jpg,person,0.7769551622395827
894,COCO_train2014_000000569989.jpg,bowl,0.0
895,COCO_train2014_000000569989.jpg,bowl,0.2485431420106311
896,COCO_train2014_000000569946.jpg,person,0.2448791162242467
897,COCO_train2014_000000569946.jpg,person,0.16561110572707552
898,COCO_train2014_000000569946.jpg,person,0.0
899,COCO_train2014_000000569946.jpg,person,0.11552553014622982
900,COCO_train2014_000000569919.jpg,wine glass,0.0
901,COCO_train2014_000000569919.jpg,wine glass,0.19563167788349972
902,COCO_train2014_000000569919.jpg,wine glass,0.21816907692915125
903,COCO_train2014_000000569878.jpg,person,0.466166187303259
904,COCO_train2014_000000569878.jpg,person,0.3012949439418487
905,COCO_train2014_000000569878.jpg,person,0.341988784735001
906,COCO_train2014_000000569867.jpg,person,0.19335479924421353
907,COCO_train2014_000000569867.jpg,person,0.0
908,COCO_train2014_000000569851.jpg,apple,0.15806940835923788
909,COCO_train2014_000000569851.jpg,apple,0.10186657319195283
910,COCO_train2014_000000569838.jpg,zebra,0.23595965687836043
911,COCO_train2014_000000569838.jpg,zebra,0.0
912,COCO_train2014_000000569838.jpg,zebra,0.10705367479275918
913,COCO_train2014_000000569823.jpg,book,0.11668599732262387
914,COCO_train2014_000000569823.jpg,book,0.005104079011917059
915,COCO_train2014_000000569823.jpg,book,0.04336295854211723
916,COCO_train2014_000000569823.jpg,book,0.0
917,COCO_train2014_000000569823.jpg,book,0.05053818790362555
918,COCO_train2014_000000569816.jpg,person,0.5260791234792193
919,COCO_train2014_000000569816.jpg,person,0.5608825320768434
920,COCO_train2014_000000569795.jpg,person,0.4374243468972425
921,COCO_train2014_000000569795.jpg,person,0.4067596209874169
922,COCO_train2014_000000569774.jpg,person,0.5720807779498709
923,COCO_train2014_000000569774.jpg,person,0.49679732718894004
924,COCO_train2014_000000569769.jpg,cake,0.515984762869088
925,COCO_train2014_000000569769.jpg,cake,0.16568356130046352
926,COCO_train2014_000000569769.jpg,cup,0.2511413850786216
927,COCO_train2014_000000569769.jpg,cup,0.22791744188305585
928,COCO_train2014_000000569742.jpg,person,0.474719757230148
